ID,name,address,zip code,phone,city,country,notes,SID,Email,Address ID
1,MARY SMITH,1913 Hanoi Way,35200,28303384290,Sasebo,Japan,active,1,MARY.SMITH@sakilacustomer.org,5
2,PATRICIA JOHNSON,1121 Loja Avenue,17886,8.38635E+11,San Bernardino,United States,active,1,PATRICIA.JOHNSON@sakilacustomer.org,6
3,LINDA WILLIAMS,692 Joliet Street,83579,4.48477E+11,Athenai,Greece,active,1,LINDA.WILLIAMS@sakilacustomer.org,7
4,BARBARA JONES,1566 Inegl Manor,53561,7.05814E+11,Myingyan,Myanmar,active,2,BARBARA.JONES@sakilacustomer.org,8
5,ELIZABETH BROWN,53 Idfu Parkway,42399,10655648674,Nantou,Taiwan,active,1,ELIZABETH.BROWN@sakilacustomer.org,9
6,JENNIFER DAVIS,1795 Santiago de Compostela Way,18743,8.60453E+11,Laredo,United States,active,2,JENNIFER.DAVIS@sakilacustomer.org,10
7,MARIA MILLER,900 Santiago de Compostela Parkway,93896,7.16571E+11,Kragujevac,Yugoslavia,active,1,MARIA.MILLER@sakilacustomer.org,11
8,SUSAN WILSON,478 Joliet Way,77948,6.57282E+11,Hamilton,New Zealand,active,2,SUSAN.WILSON@sakilacustomer.org,12
9,MARGARET MOORE,613 Korolev Drive,45844,3.80658E+11,Masqat,Oman,active,2,MARGARET.MOORE@sakilacustomer.org,13
10,DOROTHY TAYLOR,1531 Sal Drive,53628,6.48857E+11,Esfahan,Iran,active,1,DOROTHY.TAYLOR@sakilacustomer.org,14
11,LISA ANDERSON,1542 Tarlac Parkway,1027,6.35297E+11,Sagamihara,Japan,active,2,LISA.ANDERSON@sakilacustomer.org,15
12,NANCY THOMAS,808 Bhopal Manor,10672,4.65888E+11,Yamuna Nagar,India,active,1,NANCY.THOMAS@sakilacustomer.org,16
13,KAREN JACKSON,270 Amroha Parkway,29610,6.9548E+11,Osmaniye,Turkey,active,2,KAREN.JACKSON@sakilacustomer.org,17
14,BETTY WHITE,770 Bydgoszcz Avenue,16266,5.17338E+11,Citrus Heights,United States,active,2,BETTY.WHITE@sakilacustomer.org,18
15,HELEN HARRIS,419 Iligan Lane,72878,9.90911E+11,Bhopal,India,active,1,HELEN.HARRIS@sakilacustomer.org,19
16,SANDRA MARTIN,360 Toulouse Parkway,54308,9.49312E+11,Southend-on-Sea,United Kingdom,Not Active,2,SANDRA.MARTIN@sakilacustomer.org,20
17,DONNA THOMPSON,270 Toulon Boulevard,81766,4.07752E+11,Elista,Russian Federation,active,1,DONNA.THOMPSON@sakilacustomer.org,21
18,CAROL GARCIA,320 Brest Avenue,43331,7.47792E+11,Kaduna,Nigeria,active,2,CAROL.GARCIA@sakilacustomer.org,22
19,RUTH MARTINEZ,1417 Lancaster Avenue,72192,2.72572E+11,Kimberley,South Africa,active,1,RUTH.MARTINEZ@sakilacustomer.org,23
20,SHARON ROBINSON,1688 Okara Way,21954,1.44454E+11,Mardan,Pakistan,active,2,SHARON.ROBINSON@sakilacustomer.org,24
21,MICHELLE CLARK,262 A Corua (La Corua) Parkway,34418,8.92776E+11,Tangail,Bangladesh,active,1,MICHELLE.CLARK@sakilacustomer.org,25
22,LAURA RODRIGUEZ,28 Charlotte Amalie Street,37551,1.61968E+11,Salé,Morocco,active,1,LAURA.RODRIGUEZ@sakilacustomer.org,26
23,SARAH LEWIS,1780 Hino Boulevard,7716,9.02731E+11,Liepaja,Latvia,active,2,SARAH.LEWIS@sakilacustomer.org,27
24,KIMBERLY LEE,96 Tafuna Way,99865,9.3473E+11,Córdoba,Argentina,active,2,KIMBERLY.LEE@sakilacustomer.org,28
25,DEBORAH WALKER,934 San Felipe de Puerto Plata Street,99780,1.96496E+11,Shikarpur,Pakistan,active,1,DEBORAH.WALKER@sakilacustomer.org,29
26,JESSICA HALL,18 Duisburg Boulevard,58327,9.9801E+11,Città del Vaticano,Holy See (Vatican City State),active,2,JESSICA.HALL@sakilacustomer.org,30
27,SHIRLEY ALLEN,217 Botshabelo Place,49521,6.65357E+11,Davao,Philippines,active,2,SHIRLEY.ALLEN@sakilacustomer.org,31
28,CYNTHIA YOUNG,1425 Shikarpur Manor,65599,6.78221E+11,Munger (Monghyr),India,active,1,CYNTHIA.YOUNG@sakilacustomer.org,32
29,ANGELA HERNANDEZ,786 Aurora Avenue,65750,18461860151,Shimonoseki,Japan,active,2,ANGELA.HERNANDEZ@sakilacustomer.org,33
30,MELISSA KING,1668 Anpolis Street,50199,5.25256E+11,Lungtan,Taiwan,active,1,MELISSA.KING@sakilacustomer.org,34
31,BRENDA WRIGHT,33 Gorontalo Way,30348,7.45995E+11,Kamarhati,India,active,2,BRENDA.WRIGHT@sakilacustomer.org,35
32,AMY LOPEZ,176 Mandaluyong Place,65213,6.27706E+11,Jhansi,India,active,1,AMY.LOPEZ@sakilacustomer.org,36
33,ANNA HILL,127 Purnea (Purnia) Manor,79388,9.11872E+11,Alessandria,Italy,active,2,ANNA.HILL@sakilacustomer.org,37
34,REBECCA SCOTT,61 Tama Street,94065,7.08403E+11,Kurashiki,Japan,active,2,REBECCA.SCOTT@sakilacustomer.org,38
35,VIRGINIA GREEN,391 Callao Drive,34021,4.40512E+11,Toulouse,France,active,2,VIRGINIA.GREEN@sakilacustomer.org,39
36,KATHLEEN ADAMS,334 Munger (Monghyr) Lane,38145,4.81183E+11,Arak,Iran,active,2,KATHLEEN.ADAMS@sakilacustomer.org,40
37,PAMELA BAKER,1440 Fukuyama Loop,47929,9.12257E+11,Nanyang,China,active,1,PAMELA.BAKER@sakilacustomer.org,41
38,MARTHA GONZALEZ,269 Cam Ranh Parkway,34689,4.89784E+11,Chisinau,Moldova,active,1,MARTHA.GONZALEZ@sakilacustomer.org,42
39,DEBRA NELSON,306 Antofagasta Place,3989,3.78319E+11,Vila Velha,Brazil,active,1,DEBRA.NELSON@sakilacustomer.org,43
40,AMANDA CARTER,671 Graz Street,94399,6.80769E+11,Nador,Morocco,active,2,AMANDA.CARTER@sakilacustomer.org,44
41,STEPHANIE MITCHELL,42 Brindisi Place,16744,42384721397,Yerevan,Armenia,active,1,STEPHANIE.MITCHELL@sakilacustomer.org,45
42,CAROLYN PEREZ,1632 Bislig Avenue,61117,4.71676E+11,Pak Kret,Thailand,active,2,CAROLYN.PEREZ@sakilacustomer.org,46
43,CHRISTINE ROBERTS,1447 Imus Way,48942,5.39758E+11,Faaa,French Polynesia,active,2,CHRISTINE.ROBERTS@sakilacustomer.org,47
44,MARIE TURNER,1998 Halifax Drive,76022,1.77728E+11,Lipetsk,Russian Federation,active,1,MARIE.TURNER@sakilacustomer.org,48
45,JANET PHILLIPS,1718 Valencia Street,37359,6.75293E+11,Antofagasta,Chile,active,1,JANET.PHILLIPS@sakilacustomer.org,49
46,CATHERINE CAMPBELL,46 Pjatigorsk Lane,23616,2.62077E+11,Moscow,Russian Federation,active,2,CATHERINE.CAMPBELL@sakilacustomer.org,50
47,FRANCES PARKER,686 Garland Manor,52535,69493378813,Juazeiro do Norte,Brazil,active,1,FRANCES.PARKER@sakilacustomer.org,51
48,ANN EVANS,909 Garland Manor,69367,7.058E+11,Niznekamsk,Russian Federation,active,1,ANN.EVANS@sakilacustomer.org,52
49,JOYCE EDWARDS,725 Isesaki Place,74428,8.76295E+11,Jedda,Saudi Arabia,active,2,JOYCE.EDWARDS@sakilacustomer.org,53
50,DIANE COLLINS,115 Hidalgo Parkway,80168,3.07704E+11,Omdurman,Sudan,active,1,DIANE.COLLINS@sakilacustomer.org,54
51,ALICE STEWART,1135 Izumisano Parkway,48150,1.71823E+11,Fontana,United States,active,1,ALICE.STEWART@sakilacustomer.org,55
52,JULIE SANCHEZ,939 Probolinggo Loop,4166,6.80428E+11,A Coruña (La Coruña),Spain,active,1,JULIE.SANCHEZ@sakilacustomer.org,56
53,HEATHER MORRIS,17 Kabul Boulevard,38594,6.97761E+11,Nagareyama,Japan,active,1,HEATHER.MORRIS@sakilacustomer.org,57
54,TERESA ROGERS,1964 Allappuzha (Alleppey) Street,48980,9.20811E+11,Iwakuni,Japan,active,1,TERESA.ROGERS@sakilacustomer.org,58
55,DORIS REED,1697 Kowloon and New Kowloon Loop,57807,4.99352E+11,Balašiha,Russian Federation,active,2,DORIS.REED@sakilacustomer.org,59
56,GLORIA COOK,1668 Saint Louis Place,39072,3.47488E+11,Papeete,French Polynesia,active,1,GLORIA.COOK@sakilacustomer.org,60
57,EVELYN MORGAN,943 Tokat Street,45428,8.89319E+11,Vaduz,Liechtenstein,active,2,EVELYN.MORGAN@sakilacustomer.org,61
58,JEAN BELL,1114 Liepaja Street,69226,2.12869E+11,Kuching,Malaysia,active,1,JEAN.BELL@sakilacustomer.org,62
59,CHERYL MURPHY,1213 Ranchi Parkway,94352,8.00024E+11,Mysore,India,active,1,CHERYL.MURPHY@sakilacustomer.org,63
60,MILDRED BAILEY,81 Hodeida Way,55561,2.50768E+11,Jaipur,India,active,1,MILDRED.BAILEY@sakilacustomer.org,64
61,KATHERINE RIVERA,915 Ponce Place,83980,1395251317,Basel,Switzerland,active,2,KATHERINE.RIVERA@sakilacustomer.org,65
62,JOAN COOPER,1717 Guadalajara Lane,85505,9.1409E+11,Saint Louis,United States,active,1,JOAN.COOPER@sakilacustomer.org,66
63,ASHLEY RICHARDSON,1214 Hanoi Way,67055,4.91001E+11,Lincoln,United States,active,1,ASHLEY.RICHARDSON@sakilacustomer.org,67
64,JUDITH COX,1966 Amroha Avenue,70385,3.33489E+11,Daxian,China,Not Active,2,JUDITH.COX@sakilacustomer.org,68
65,ROSE HOWARD,698 Otsu Street,71110,4.09984E+11,Cayenne,French Guiana,active,2,ROSE.HOWARD@sakilacustomer.org,69
66,JANICE WARD,1150 Kimchon Manor,96109,6.63449E+11,Malmö,Sweden,active,2,JANICE.WARD@sakilacustomer.org,70
67,KELLY TORRES,1586 Guaruj Place,5135,9.47233E+11,Xi´angtan,China,active,1,KELLY.TORRES@sakilacustomer.org,71
68,NICOLE PETERSON,57 Arlington Manor,48960,9.90214E+11,Shivapuri,India,active,1,NICOLE.PETERSON@sakilacustomer.org,72
69,JUDY GRAY,1031 Daugavpils Parkway,59025,1.07137E+11,Béchar,Algeria,active,2,JUDY.GRAY@sakilacustomer.org,73
70,CHRISTINA RAMIREZ,1124 Buenaventura Drive,6856,4.07734E+11,al-Hawiya,Saudi Arabia,active,2,CHRISTINA.RAMIREZ@sakilacustomer.org,74
71,KATHY JAMES,492 Cam Ranh Street,50805,5.65018E+11,Baybay,Philippines,active,1,KATHY.JAMES@sakilacustomer.org,75
72,THERESA WATSON,89 Allappuzha (Alleppey) Manor,75444,2.558E+11,Taguig,Philippines,active,2,THERESA.WATSON@sakilacustomer.org,76
73,BEVERLY BROOKS,1947 Poos de Caldas Boulevard,60951,4.27454E+11,Chiayi,Taiwan,active,2,BEVERLY.BROOKS@sakilacustomer.org,77
74,DENISE KELLY,1206 Dos Quebradas Place,20207,2.41833E+11,Rio Claro,Brazil,active,1,DENISE.KELLY@sakilacustomer.org,78
75,TAMMY SANDERS,1551 Rampur Lane,72394,2.51164E+11,Changhwa,Taiwan,active,2,TAMMY.SANDERS@sakilacustomer.org,79
76,IRENE PRICE,602 Paarl Street,98889,8.96315E+11,Pavlodar,Kazakstan,active,2,IRENE.PRICE@sakilacustomer.org,80
77,JANE BENNETT,1692 Ede Loop,9223,9.18711E+11,Araçatuba,Brazil,active,2,JANE.BENNETT@sakilacustomer.org,81
78,LORI WOOD,936 Salzburg Lane,96709,8.75757E+11,Rae Bareli,India,active,1,LORI.WOOD@sakilacustomer.org,82
79,RACHEL BARNES,586 Tete Way,1079,18581624103,Kamakura,Japan,active,1,RACHEL.BARNES@sakilacustomer.org,83
80,MARILYN ROSS,1888 Kabul Drive,20936,7.01457E+11,Ife,Nigeria,active,1,MARILYN.ROSS@sakilacustomer.org,84
81,ANDREA HENDERSON,320 Baiyin Parkway,37307,2.23665E+11,Mahajanga,Madagascar,active,1,ANDREA.HENDERSON@sakilacustomer.org,85
82,KATHRYN COLEMAN,927 Baha Blanca Parkway,9495,8.21972E+11,Simferopol,Ukraine,active,1,KATHRYN.COLEMAN@sakilacustomer.org,86
83,LOUISE JENKINS,929 Tallahassee Loop,74671,8.00717E+11,Springs,South Africa,active,1,LOUISE.JENKINS@sakilacustomer.org,87
84,SARA PERRY,125 Citt del Vaticano Boulevard,67912,48417642933,Atlixco,Mexico,active,2,SARA.PERRY@sakilacustomer.org,88
85,ANNE POWELL,1557 Ktahya Boulevard,88002,7.20998E+11,Bradford,United Kingdom,active,2,ANNE.POWELL@sakilacustomer.org,89
86,JACQUELINE LONG,870 Ashqelon Loop,84931,1.35117E+11,Songkhla,Thailand,active,2,JACQUELINE.LONG@sakilacustomer.org,90
87,WANDA PATTERSON,1740 Portoviejo Avenue,29932,1.98123E+11,Sincelejo,Colombia,active,1,WANDA.PATTERSON@sakilacustomer.org,91
88,BONNIE HUGHES,1942 Ciparay Parkway,82624,9.78987E+11,Cheju,South Korea,active,2,BONNIE.HUGHES@sakilacustomer.org,92
89,JULIA FLORES,1926 El Alto Avenue,75543,8.46225E+11,La Plata,Argentina,active,1,JULIA.FLORES@sakilacustomer.org,93
90,RUBY WASHINGTON,1952 Chatsworth Drive,25958,9.91562E+11,Meixian,China,active,2,RUBY.WASHINGTON@sakilacustomer.org,94
91,LOIS BUTLER,1370 Le Mans Avenue,52163,3.4568E+11,Bandar Seri Begawan,Brunei,active,2,LOIS.BUTLER@sakilacustomer.org,95
92,TINA SIMMONS,984 Effon-Alaiye Avenue,17119,1.32987E+11,Goiânia,Brazil,active,2,TINA.SIMMONS@sakilacustomer.org,96
93,PHYLLIS FOSTER,832 Nakhon Sawan Manor,49021,2.75596E+11,Zalantun,China,active,1,PHYLLIS.FOSTER@sakilacustomer.org,97
94,NORMA GONZALES,152 Kitwe Parkway,53182,8.35434E+11,Bislig,Philippines,active,1,NORMA.GONZALES@sakilacustomer.org,98
95,PAULA BRYANT,1697 Tanauan Lane,22870,4764773857,Pathankot,India,active,2,PAULA.BRYANT@sakilacustomer.org,99
96,DIANA ALEXANDER,1308 Arecibo Way,30695,6171054059,Augusta-Richmond County,United States,active,1,DIANA.ALEXANDER@sakilacustomer.org,100
97,ANNIE RUSSELL,1599 Plock Drive,71986,8.17249E+11,Tete,Mozambique,active,2,ANNIE.RUSSELL@sakilacustomer.org,101
98,LILLIAN GRIFFIN,669 Firozabad Loop,92265,4.12903E+11,al-Ayn,United Arab Emirates,active,1,LILLIAN.GRIFFIN@sakilacustomer.org,102
99,EMILY DIAZ,588 Vila Velha Manor,51540,3.3334E+11,Kimchon,South Korea,active,2,EMILY.DIAZ@sakilacustomer.org,103
100,ROBIN HAYES,1913 Kamakura Place,97287,9.42571E+11,Jelets,Russian Federation,active,1,ROBIN.HAYES@sakilacustomer.org,104
101,PEGGY MYERS,733 Mandaluyong Place,77459,1.96568E+11,Abha,Saudi Arabia,active,1,PEGGY.MYERS@sakilacustomer.org,105
102,CRYSTAL FORD,659 Vaduz Drive,49708,7.09935E+11,Ashdod,Israel,active,1,CRYSTAL.FORD@sakilacustomer.org,106
103,GLADYS HAMILTON,1177 Jelets Way,3305,4.84293E+11,Ilorin,Nigeria,active,1,GLADYS.HAMILTON@sakilacustomer.org,107
104,RITA GRAHAM,1386 Yangor Avenue,80720,4.49216E+11,Toulon,France,active,1,RITA.GRAHAM@sakilacustomer.org,108
105,DAWN SULLIVAN,454 Nakhon Sawan Boulevard,76383,9.63887E+11,Funafuti,Tuvalu,active,1,DAWN.SULLIVAN@sakilacustomer.org,109
106,CONNIE WALLACE,1867 San Juan Bautista Tuxtepec Avenue,78311,5.47003E+11,Ivanovo,Russian Federation,active,1,CONNIE.WALLACE@sakilacustomer.org,110
107,FLORENCE WOODS,1532 Dzerzinsk Way,9599,3.30838E+11,Merlo,Argentina,active,1,FLORENCE.WOODS@sakilacustomer.org,111
108,TRACY COLE,1002 Ahmadnagar Manor,93026,3.71491E+11,Huixquilucan,Mexico,active,1,TRACY.COLE@sakilacustomer.org,112
109,EDNA WEST,682 Junan Way,30418,6.22255E+11,Klerksdorp,South Africa,active,2,EDNA.WEST@sakilacustomer.org,113
110,TIFFANY JORDAN,804 Elista Drive,61069,3.79805E+11,Enshi,China,active,2,TIFFANY.JORDAN@sakilacustomer.org,114
111,CARMEN OWENS,1378 Alvorada Avenue,75834,2.72234E+11,Caracas,Venezuela,active,1,CARMEN.OWENS@sakilacustomer.org,115
112,ROSA REYNOLDS,793 Cam Ranh Avenue,87057,8.24371E+11,Lancaster,United States,active,2,ROSA.REYNOLDS@sakilacustomer.org,116
113,CINDY FISHER,1079 Tel Aviv-Jaffa Boulevard,10885,3.58179E+11,Cumaná,Venezuela,active,2,CINDY.FISHER@sakilacustomer.org,117
114,GRACE ELLIS,442 Rae Bareli Place,24321,8.86636E+11,Duisburg,Germany,active,2,GRACE.ELLIS@sakilacustomer.org,118
115,WENDY HARRISON,1107 Nakhon Sawan Avenue,75149,8.67547E+11,Nezahualcóyotl,Mexico,active,1,WENDY.HARRISON@sakilacustomer.org,119
116,VICTORIA GIBSON,544 Malm Parkway,63502,3.8676E+11,Pemalang,Indonesia,active,1,VICTORIA.GIBSON@sakilacustomer.org,120
117,EDITH MCDONALD,1967 Sincelejo Place,73644,5.77813E+11,Gandhinagar,India,active,1,EDITH.MCDONALD@sakilacustomer.org,121
118,KIM CRUZ,333 Goinia Way,78625,9.09029E+11,Grand Prairie,United States,active,1,KIM.CRUZ@sakilacustomer.org,122
119,SHERRY MARSHALL,1987 Coacalco de Berriozbal Loop,96065,7.87654E+11,Shubra al-Khayma,Egypt,active,1,SHERRY.MARSHALL@sakilacustomer.org,123
120,SYLVIA ORTIZ,241 Mosul Lane,76157,7.65345E+11,Dos Quebradas,Colombia,active,2,SYLVIA.ORTIZ@sakilacustomer.org,124
121,JOSEPHINE GOMEZ,211 Chiayi Drive,58186,6.65994E+11,Etawah,India,active,1,JOSEPHINE.GOMEZ@sakilacustomer.org,125
122,THELMA MURRAY,1175 Tanauan Way,64615,9.37223E+11,Lima,Peru,active,1,THELMA.MURRAY@sakilacustomer.org,126
123,SHANNON FREEMAN,117 Boa Vista Way,6804,6.77976E+11,Varanasi (Benares),India,active,2,SHANNON.FREEMAN@sakilacustomer.org,127
124,SHEILA WELLS,848 Tafuna Manor,45142,6.14935E+11,Kütahya,Turkey,Not Active,1,SHEILA.WELLS@sakilacustomer.org,128
125,ETHEL WEBB,569 Baicheng Lane,60304,4.90212E+11,Boksburg,South Africa,active,1,ETHEL.WEBB@sakilacustomer.org,129
126,ELLEN SIMPSON,1666 Qomsheh Drive,66255,5.82835E+11,Poá,Brazil,active,1,ELLEN.SIMPSON@sakilacustomer.org,130
127,ELAINE STEVENS,801 Hagonoy Drive,8439,2.37426E+11,Smolensk,Russian Federation,active,2,ELAINE.STEVENS@sakilacustomer.org,131
128,MARJORIE TUCKER,1050 Garden Grove Avenue,4999,9.73047E+11,Jastrzebie-Zdrój,Poland,active,1,MARJORIE.TUCKER@sakilacustomer.org,132
129,CARRIE PORTER,1854 Tieli Street,15819,5.09492E+11,Liaocheng,China,active,1,CARRIE.PORTER@sakilacustomer.org,133
130,CHARLOTTE HUNTER,758 Junan Lane,82639,9.35449E+11,Águas Lindas de Goiás,Brazil,active,1,CHARLOTTE.HUNTER@sakilacustomer.org,134
131,MONICA HICKS,1752 So Leopoldo Parkway,14014,2.52265E+11,Mukatševe,Ukraine,active,2,MONICA.HICKS@sakilacustomer.org,135
132,ESTHER CRAWFORD,898 Belm Manor,49757,7.07169E+11,Botshabelo,South Africa,active,2,ESTHER.CRAWFORD@sakilacustomer.org,136
133,PAULINE HENRY,261 Saint Louis Way,83401,3.21944E+11,Torreón,Mexico,active,1,PAULINE.HENRY@sakilacustomer.org,137
134,EMMA BOYD,765 Southampton Drive,4285,23712411567,Qalyub,Egypt,active,1,EMMA.BOYD@sakilacustomer.org,138
135,JUANITA MASON,943 Johannesburg Avenue,5892,90921003005,Pune,India,active,2,JUANITA.MASON@sakilacustomer.org,139
136,ANITA MORALES,788 Atinsk Street,81691,1.46498E+11,Hubli-Dharwad,India,active,2,ANITA.MORALES@sakilacustomer.org,140
137,RHONDA KENNEDY,1749 Daxian Place,11044,9.6337E+11,Apeldoorn,Netherlands,active,2,RHONDA.KENNEDY@sakilacustomer.org,141
138,HAZEL WARREN,1587 Sullana Lane,85769,4.6806E+11,Hohhot,China,active,1,HAZEL.WARREN@sakilacustomer.org,142
139,AMBER DIXON,1029 Dzerzinsk Manor,57519,33173584456,Touliu,Taiwan,active,1,AMBER.DIXON@sakilacustomer.org,143
140,EVA RAMOS,1666 Beni-Mellal Place,13377,9099941466,Clarksville,United States,active,1,EVA.RAMOS@sakilacustomer.org,144
141,DEBBIE REYES,928 Jaffna Loop,93762,5.81852E+11,Fukuyama,Japan,active,1,DEBBIE.REYES@sakilacustomer.org,145
142,APRIL BURNS,483 Ljubertsy Parkway,60562,5.81174E+11,Dundee,United Kingdom,active,1,APRIL.BURNS@sakilacustomer.org,146
143,LESLIE GORDON,374 Bat Yam Boulevard,97700,9.23262E+11,Kilis,Turkey,active,1,LESLIE.GORDON@sakilacustomer.org,147
144,CLARA SHAW,1027 Songkhla Manor,30861,5.6366E+11,Molodetšno,Belarus,active,1,CLARA.SHAW@sakilacustomer.org,148
145,LUCILLE HOLMES,999 Sanaa Loop,3439,9.18032E+11,Soshanguve,South Africa,active,1,LUCILLE.HOLMES@sakilacustomer.org,149
146,JAMIE RICE,879 Newcastle Way,90732,2.06841E+11,Sterling Heights,United States,active,1,JAMIE.RICE@sakilacustomer.org,150
147,JOANNE ROBERTSON,1337 Lincoln Parkway,99457,5.97815E+11,Urawa,Japan,active,2,JOANNE.ROBERTSON@sakilacustomer.org,151
148,ELEANOR HUNT,1952 Pune Lane,92150,3.54615E+11,Saint-Denis,Réunion,active,1,ELEANOR.HUNT@sakilacustomer.org,152
149,VALERIE BLACK,782 Mosul Street,25545,8.859E+11,Brockton,United States,active,1,VALERIE.BLACK@sakilacustomer.org,153
150,DANIELLE DANIELS,781 Shimonoseki Drive,95444,6.32316E+11,Hidalgo,Mexico,active,2,DANIELLE.DANIELS@sakilacustomer.org,154
151,MEGAN PALMER,1560 Jelets Boulevard,77777,1.89446E+11,Laiwu,China,active,2,MEGAN.PALMER@sakilacustomer.org,155
152,ALICIA MILLS,1963 Moscow Place,64863,7.61379E+11,Nagaon,India,active,1,ALICIA.MILLS@sakilacustomer.org,156
153,SUZANNE NICHOLS,456 Escobar Way,36061,7.19203E+11,Jakarta,Indonesia,active,2,SUZANNE.NICHOLS@sakilacustomer.org,157
154,MICHELE GRANT,798 Cianjur Avenue,76990,4.99409E+11,Yuncheng,China,active,2,MICHELE.GRANT@sakilacustomer.org,158
155,GAIL KNIGHT,185 Novi Sad Place,41778,9.04254E+11,Bern,Switzerland,active,1,GAIL.KNIGHT@sakilacustomer.org,159
156,BERTHA FERGUSON,1367 Yantai Manor,21294,8.89538E+11,Ondo,Nigeria,active,1,BERTHA.FERGUSON@sakilacustomer.org,160
157,DARLENE ROSE,1386 Nakhon Sawan Boulevard,53502,3.68899E+11,Pyongyang,North Korea,active,2,DARLENE.ROSE@sakilacustomer.org,161
158,VERONICA STONE,369 Papeete Way,66639,1.70117E+11,Greensboro,United States,active,1,VERONICA.STONE@sakilacustomer.org,162
159,JILL HAWKINS,1440 Compton Place,81037,9.3106E+11,Linz,Austria,active,1,JILL.HAWKINS@sakilacustomer.org,163
160,ERIN DUNN,1623 Baha Blanca Manor,81511,1.49981E+11,Ljubertsy,Russian Federation,active,2,ERIN.DUNN@sakilacustomer.org,164
161,GERALDINE PERKINS,97 Shimoga Avenue,44660,1.77167E+11,Tel Aviv-Jaffa,Israel,active,1,GERALDINE.PERKINS@sakilacustomer.org,165
162,LAUREN HUDSON,1740 Le Mans Loop,22853,1.68477E+11,Le Mans,France,active,2,LAUREN.HUDSON@sakilacustomer.org,166
163,CATHY SPENCER,1287 Xi´angfan Boulevard,57844,8.19416E+11,Kakamigahara,Japan,active,1,CATHY.SPENCER@sakilacustomer.org,167
164,JOANN GARDNER,842 Salzburg Lane,3313,6.97151E+11,Tarsus,Turkey,active,2,JOANN.GARDNER@sakilacustomer.org,168
165,LORRAINE STEPHENS,154 Tallahassee Loop,62250,9.35509E+11,Hami,China,active,2,LORRAINE.STEPHENS@sakilacustomer.org,169
166,LYNN PAYNE,710 San Felipe del Progreso Avenue,76901,8.43801E+11,Lilongwe,Malawi,active,1,LYNN.PAYNE@sakilacustomer.org,170
167,SALLY PIERCE,1540 Wroclaw Drive,62686,1.82363E+11,Chandrapur,India,active,2,SALLY.PIERCE@sakilacustomer.org,171
168,REGINA BERRY,475 Atinsk Way,59571,2.01706E+11,Jinchang,China,active,1,REGINA.BERRY@sakilacustomer.org,172
169,ERICA MATTHEWS,1294 Firozabad Drive,70618,1.61802E+11,Pingxiang,China,Not Active,2,ERICA.MATTHEWS@sakilacustomer.org,173
170,BEATRICE ARNOLD,1877 Ezhou Lane,63337,2.64542E+11,Udaipur,India,active,1,BEATRICE.ARNOLD@sakilacustomer.org,174
171,DOLORES WAGNER,316 Uruapan Street,58194,2.75789E+11,Ipoh,Malaysia,active,2,DOLORES.WAGNER@sakilacustomer.org,175
172,BERNICE WILLIS,29 Pyongyang Loop,47753,7.34781E+11,Batman,Turkey,active,1,BERNICE.WILLIS@sakilacustomer.org,176
173,AUDREY RAY,1010 Klerksdorp Way,6802,4.93009E+11,Graz,Austria,active,1,AUDREY.RAY@sakilacustomer.org,177
174,YVONNE WATKINS,1848 Salala Boulevard,25220,48265851133,Ocumare del Tuy,Venezuela,active,2,YVONNE.WATKINS@sakilacustomer.org,178
175,ANNETTE OLSON,431 Xi´angtan Avenue,4854,2.30251E+11,Allappuzha (Alleppey),India,active,1,ANNETTE.OLSON@sakilacustomer.org,179
176,JUNE CARROLL,757 Rustenburg Avenue,89668,5.06134E+11,Skikda,Algeria,active,1,JUNE.CARROLL@sakilacustomer.org,180
177,SAMANTHA DUNCAN,146 Johannesburg Way,54132,9.53689E+11,Matamoros,Mexico,active,2,SAMANTHA.DUNCAN@sakilacustomer.org,181
178,MARION SNYDER,1891 Rizhao Boulevard,47288,3.91066E+11,Santa Brbara dOeste,Brazil,active,2,MARION.SNYDER@sakilacustomer.org,182
179,DANA HART,1089 Iwatsuki Avenue,35109,8.66092E+11,Kirovo-Tšepetsk,Russian Federation,active,1,DANA.HART@sakilacustomer.org,183
180,STACY CUNNINGHAM,1410 Benin City Parkway,29747,1.0415E+11,Pereira,Colombia,active,2,STACY.CUNNINGHAM@sakilacustomer.org,184
181,ANA BRADLEY,682 Garden Grove Place,67497,72136330362,Memphis,United States,active,2,ANA.BRADLEY@sakilacustomer.org,185
182,RENEE LANE,533 al-Ayn Boulevard,8862,6.62227E+11,Compton,United States,active,1,RENEE.LANE@sakilacustomer.org,186
183,IDA ANDREWS,1839 Szkesfehrvr Parkway,55709,9.47469E+11,Luziânia,Brazil,active,2,IDA.ANDREWS@sakilacustomer.org,187
184,VIVIAN RUIZ,741 Ambattur Manor,43310,3.0259E+11,´s-Hertogenbosch,Netherlands,active,1,VIVIAN.RUIZ@sakilacustomer.org,188
185,ROBERTA HARPER,927 Barcelona Street,65121,9.51486E+11,Shahr-e Kord,Iran,active,1,ROBERTA.HARPER@sakilacustomer.org,189
186,HOLLY FOX,435 0 Way,74750,7.60172E+11,Haldia,India,active,2,HOLLY.FOX@sakilacustomer.org,190
187,BRITTANY RILEY,140 Chiayi Parkway,38982,8.55864E+11,Sumy,Ukraine,active,2,BRITTANY.RILEY@sakilacustomer.org,191
188,MELANIE ARMSTRONG,1166 Changhwa Street,58852,6.50752E+11,Bayugan,Philippines,active,1,MELANIE.ARMSTRONG@sakilacustomer.org,192
189,LORETTA CARPENTER,891 Novi Sad Manor,5379,2.47647E+11,Oshawa,Canada,active,1,LORETTA.CARPENTER@sakilacustomer.org,193
190,YOLANDA WEAVER,605 Rio Claro Parkway,49348,3.52469E+11,Tabora,Tanzania,active,2,YOLANDA.WEAVER@sakilacustomer.org,194
191,JEANETTE GREENE,1077 San Felipe de Puerto Plata Place,65387,8.12824E+11,Novotšerkassk,Russian Federation,active,1,JEANETTE.GREENE@sakilacustomer.org,195
192,LAURIE LAWRENCE,9 San Miguel de Tucumn Manor,90845,9.56189E+11,Firozabad,India,active,1,LAURIE.LAWRENCE@sakilacustomer.org,196
193,KATIE ELLIOTT,447 Surakarta Loop,10428,9.4083E+11,Kisumu,Kenya,active,2,KATIE.ELLIOTT@sakilacustomer.org,197
194,KRISTEN CHAVEZ,345 Oshawa Boulevard,32114,1.04491E+11,Hino,Japan,active,2,KRISTEN.CHAVEZ@sakilacustomer.org,198
195,VANESSA SIMS,1792 Valle de la Pascua Place,15540,4.1942E+11,Siegen,Germany,active,1,VANESSA.SIMS@sakilacustomer.org,199
196,ALMA AUSTIN,1074 Binzhou Manor,36490,3.31133E+11,Mannheim,Germany,active,1,ALMA.AUSTIN@sakilacustomer.org,200
197,SUE PETERS,817 Bradford Loop,89459,2.64286E+11,Changzhou,China,active,2,SUE.PETERS@sakilacustomer.org,201
198,ELSIE KELLEY,955 Bamenda Way,1545,7.68482E+11,Ikerre,Nigeria,active,2,ELSIE.KELLEY@sakilacustomer.org,202
199,BETH FRANKLIN,1149 A Corua (La Corua) Boulevard,95824,4.70884E+11,Haiphong,Vietnam,active,2,BETH.FRANKLIN@sakilacustomer.org,203
200,JEANNE LAWSON,387 Mwene-Ditu Drive,8073,7.64478E+11,Ashgabat,Turkmenistan,active,2,JEANNE.LAWSON@sakilacustomer.org,204
201,VICKI FIELDS,68 Molodetno Manor,4662,1.46641E+11,Witten,Germany,active,1,VICKI.FIELDS@sakilacustomer.org,205
202,CARLA GUTIERREZ,642 Nador Drive,3924,3.6905E+11,Bhusawal,India,active,2,CARLA.GUTIERREZ@sakilacustomer.org,206
203,TARA RYAN,1688 Nador Lane,61613,6.52218E+11,Gorontalo,Indonesia,active,1,TARA.RYAN@sakilacustomer.org,207
204,ROSEMARY SCHMIDT,1215 Pyongyang Parkway,25238,6.46237E+11,Usak,Turkey,active,1,ROSEMARY.SCHMIDT@sakilacustomer.org,208
205,EILEEN CARR,1679 Antofagasta Street,86599,9.05904E+11,Ciudad del Este,Paraguay,active,2,EILEEN.CARR@sakilacustomer.org,209
206,TERRI VASQUEZ,1304 ´s-Hertogenbosch Way,10925,90336226227,Blumenau,Brazil,active,1,TERRI.VASQUEZ@sakilacustomer.org,210
207,GERTRUDE CASTILLO,850 Salala Loop,10800,4.03405E+11,Nuuk,Greenland,active,1,GERTRUDE.CASTILLO@sakilacustomer.org,211
208,LUCY WHEELER,624 Oshawa Boulevard,89959,49677664184,Balurghat,India,active,1,LUCY.WHEELER@sakilacustomer.org,212
209,TONYA CHAPMAN,43 Dadu Avenue,4855,95666951770,Bhilwara,India,active,2,TONYA.CHAPMAN@sakilacustomer.org,213
210,ELLA OLIVER,751 Lima Loop,99405,7.5646E+11,Aden,Yemen,active,2,ELLA.OLIVER@sakilacustomer.org,214
211,STACEY MONTGOMERY,1333 Haldia Street,82161,4.08304E+11,Fuyu,China,active,1,STACEY.MONTGOMERY@sakilacustomer.org,215
212,WILMA RICHARDS,660 Jedda Boulevard,25053,1.68758E+11,Bellevue,United States,active,2,WILMA.RICHARDS@sakilacustomer.org,216
213,GINA WILLIAMSON,1001 Miyakonojo Lane,67924,5.84317E+11,Taizz,Yemen,active,1,GINA.WILLIAMSON@sakilacustomer.org,217
214,KRISTIN JOHNSTON,226 Brest Manor,2299,7.85881E+11,Sunnyvale,United States,active,1,KRISTIN.JOHNSTON@sakilacustomer.org,218
215,JESSIE BANKS,1229 Valencia Parkway,99124,3.52679E+11,Stara Zagora,Bulgaria,active,2,JESSIE.BANKS@sakilacustomer.org,219
216,NATALIE MEYER,1201 Qomsheh Manor,21464,8.73492E+11,Aparecida de Goiânia,Brazil,active,1,NATALIE.MEYER@sakilacustomer.org,220
217,AGNES BISHOP,866 Shivapuri Manor,22474,7.78503E+11,Sambhal,India,active,2,AGNES.BISHOP@sakilacustomer.org,221
218,VERA MCCOY,1168 Najafabad Parkway,40301,8.86649E+11,Kabul,Afghanistan,active,1,VERA.MCCOY@sakilacustomer.org,222
219,WILLIE HOWELL,1244 Allappuzha (Alleppey) Place,20657,9.91803E+11,Vicente López,Argentina,active,2,WILLIE.HOWELL@sakilacustomer.org,223
220,CHARLENE ALVAREZ,1842 Luzinia Boulevard,94420,7.06879E+11,Zanzibar,Tanzania,active,2,CHARLENE.ALVAREZ@sakilacustomer.org,224
221,BESSIE MORRISON,1926 Gingoog Street,22824,4.69739E+11,Syrakusa,Italy,active,1,BESSIE.MORRISON@sakilacustomer.org,225
222,DELORES HANSEN,810 Palghat (Palakkad) Boulevard,73431,5.16331E+11,Jaroslavl,Russian Federation,active,2,DELORES.HANSEN@sakilacustomer.org,226
223,MELINDA FERNANDEZ,1820 Maring Parkway,88307,99760893676,Mandi Bahauddin,Pakistan,active,1,MELINDA.FERNANDEZ@sakilacustomer.org,227
224,PEARL GARZA,60 Poos de Caldas Street,82338,9.63064E+11,Jodhpur,India,active,2,PEARL.GARZA@sakilacustomer.org,228
225,ARLENE HARVEY,1014 Loja Manor,66851,4.60796E+11,Ambattur,India,active,1,ARLENE.HARVEY@sakilacustomer.org,229
226,MAUREEN LITTLE,201 Effon-Alaiye Way,64344,6.84193E+11,Asunción,Paraguay,active,2,MAUREEN.LITTLE@sakilacustomer.org,230
227,COLLEEN BURTON,430 Alessandria Loop,47446,6.69828E+11,Saarbrücken,Germany,active,1,COLLEEN.BURTON@sakilacustomer.org,231
228,ALLISON STANLEY,754 Valencia Place,87911,5.94319E+11,Phnom Penh,Cambodia,active,2,ALLISON.STANLEY@sakilacustomer.org,232
229,TAMARA NGUYEN,356 Olomouc Manor,93323,22326410776,Anápolis,Brazil,active,1,TAMARA.NGUYEN@sakilacustomer.org,233
230,JOY GEORGE,1256 Bislig Boulevard,50598,4.79007E+11,Botosani,Romania,active,2,JOY.GEORGE@sakilacustomer.org,234
231,GEORGIA JACOBS,954 Kimchon Place,42420,5.41328E+11,Uttarpara-Kotrung,India,active,1,GEORGIA.JACOBS@sakilacustomer.org,235
232,CONSTANCE REID,885 Yingkou Manor,31390,5.88965E+11,Zaria,Nigeria,active,2,CONSTANCE.REID@sakilacustomer.org,236
233,LILLIE KIM,1736 Cavite Place,98775,4.31771E+11,Idfu,Egypt,active,2,LILLIE.KIM@sakilacustomer.org,237
234,CLAUDIA FULLER,346 Skikda Parkway,90628,6.30424E+11,Jalib al-Shuyukh,Kuwait,active,1,CLAUDIA.FULLER@sakilacustomer.org,238
235,JACKIE LYNCH,98 Stara Zagora Boulevard,76448,6.10174E+11,Buenaventura,Colombia,active,1,JACKIE.LYNCH@sakilacustomer.org,239
236,MARCIA DEAN,1479 Rustenburg Boulevard,18727,7.27785E+11,Tanza,Philippines,active,1,MARCIA.DEAN@sakilacustomer.org,240
237,TANYA GILBERT,647 A Corua (La Corua) Street,36971,7.92557E+11,Naju,South Korea,active,1,TANYA.GILBERT@sakilacustomer.org,241
238,NELLIE GARRETT,1964 Gijn Manor,14408,9.1812E+11,Shimoga,India,active,1,NELLIE.GARRETT@sakilacustomer.org,242
239,MINNIE ROMERO,47 Syktyvkar Lane,22236,63937119031,Ciomas,Indonesia,active,2,MINNIE.ROMERO@sakilacustomer.org,243
240,MARLENE WELCH,1148 Saarbrcken Parkway,1921,1.37773E+11,Iwaki,Japan,active,1,MARLENE.WELCH@sakilacustomer.org,244
241,HEIDI LARSON,1103 Bilbays Parkway,87660,2.7998E+11,Xi´angfan,China,Not Active,2,HEIDI.LARSON@sakilacustomer.org,245
242,GLENDA FRAZIER,1246 Boksburg Parkway,28349,8.90284E+11,Qinhuangdao,China,active,1,GLENDA.FRAZIER@sakilacustomer.org,246
243,LYDIA BURKE,1483 Pathankot Street,37288,6.86016E+11,San Miguel de Tucumán,Argentina,active,1,LYDIA.BURKE@sakilacustomer.org,247
244,VIOLA HANSON,582 Papeete Loop,27722,5.69869E+11,Lapu-Lapu,Philippines,active,2,VIOLA.HANSON@sakilacustomer.org,248
245,COURTNEY DAY,300 Junan Street,81314,8.90289E+11,Uijongbu,South Korea,active,1,COURTNEY.DAY@sakilacustomer.org,249
246,MARIAN MENDOZA,829 Grand Prairie Way,6461,7.41071E+11,Maringá,Brazil,active,1,MARIAN.MENDOZA@sakilacustomer.org,250
247,STELLA MORENO,1473 Changhwa Parkway,75933,2.66798E+11,Coacalco de Berriozábal,Mexico,active,1,STELLA.MORENO@sakilacustomer.org,251
248,CAROLINE BOWMAN,1309 Weifang Street,57338,4.35785E+11,Tallahassee,United States,active,1,CAROLINE.BOWMAN@sakilacustomer.org,252
249,DORA MEDINA,1760 Oshawa Manor,38140,56257502250,Tianjin,China,active,2,DORA.MEDINA@sakilacustomer.org,253
250,JO FOWLER,786 Stara Zagora Way,98332,7.16257E+11,Oyo,Nigeria,active,2,JO.FOWLER@sakilacustomer.org,254
251,VICKIE BREWER,1966 Tonghae Street,36481,5.67359E+11,Halle/Saale,Germany,active,2,VICKIE.BREWER@sakilacustomer.org,255
252,MATTIE HOFFMAN,1497 Yuzhou Drive,3433,2.4681E+11,London,United Kingdom,active,2,MATTIE.HOFFMAN@sakilacustomer.org,256
253,TERRY CARLSON,752 Ondo Loop,32474,1.34674E+11,Miyakonojo,Japan,active,1,TERRY.CARLSON@sakilacustomer.org,258
254,MAXINE SILVA,1338 Zalantun Lane,45403,8.40523E+11,Poços de Caldas,Brazil,active,2,MAXINE.SILVA@sakilacustomer.org,259
255,IRMA PEARSON,127 Iwakuni Boulevard,20777,9.87443E+11,Hagonoy,Philippines,active,2,IRMA.PEARSON@sakilacustomer.org,260
256,MABEL HOLLAND,51 Laredo Avenue,68146,8.84537E+11,Monywa,Myanmar,active,2,MABEL.HOLLAND@sakilacustomer.org,261
257,MARSHA DOUGLAS,771 Yaound Manor,86768,2.45478E+11,Beira,Mozambique,active,2,MARSHA.DOUGLAS@sakilacustomer.org,262
258,MYRTLE FLEMING,532 Toulon Street,69517,46871694740,Santiago de los Caballeros,Dominican Republic,active,1,MYRTLE.FLEMING@sakilacustomer.org,263
259,LENA JENSEN,1027 Banjul Place,50390,5.38241E+11,Halisahar,India,active,2,LENA.JENSEN@sakilacustomer.org,264
260,CHRISTY VARGAS,1158 Mandi Bahauddin Parkway,98484,2.76556E+11,Datong,China,active,1,CHRISTY.VARGAS@sakilacustomer.org,265
261,DEANNA BYRD,862 Xintai Lane,30065,2.65153E+11,Tuguegarao,Philippines,active,1,DEANNA.BYRD@sakilacustomer.org,266
262,PATSY DAVIDSON,816 Cayenne Parkway,93629,2.82875E+11,Portoviejo,Ecuador,active,2,PATSY.DAVIDSON@sakilacustomer.org,267
263,HILDA HOPKINS,1831 Nam Dinh Loop,51990,3.22889E+11,Mandaluyong,Philippines,active,1,HILDA.HOPKINS@sakilacustomer.org,268
264,GWENDOLYN MAY,446 Kirovo-Tepetsk Lane,19428,3.03967E+11,Higashiosaka,Japan,active,1,GWENDOLYN.MAY@sakilacustomer.org,269
265,JENNIE TERRY,682 Halisahar Place,20536,4.75553E+11,Olomouc,Czech Republic,active,2,JENNIE.TERRY@sakilacustomer.org,270
266,NORA HERRERA,1587 Loja Manor,5410,6.21625E+11,Salzburg,Austria,active,2,NORA.HERRERA@sakilacustomer.org,271
267,MARGIE WADE,1762 Paarl Parkway,53928,1.9246E+11,Lengshuijiang,China,active,1,MARGIE.WADE@sakilacustomer.org,272
268,NINA SOTO,1519 Ilorin Place,49298,3.57446E+11,Palghat (Palakkad),India,active,1,NINA.SOTO@sakilacustomer.org,273
269,CASSANDRA WALTERS,920 Kumbakonam Loop,75090,6.85011E+11,Salinas,United States,active,1,CASSANDRA.WALTERS@sakilacustomer.org,274
270,LEAH CURTIS,906 Goinia Way,83565,7.01768E+11,Kalisz,Poland,active,1,LEAH.CURTIS@sakilacustomer.org,275
271,PENNY NEAL,1675 Xi´angfan Manor,11763,2.7115E+11,Kumbakonam,India,Not Active,1,PENNY.NEAL@sakilacustomer.org,276
272,KAY CALDWELL,85 San Felipe de Puerto Plata Drive,46063,1.7074E+11,Yantai,China,active,1,KAY.CALDWELL@sakilacustomer.org,277
273,PRISCILLA LOWE,144 South Hill Loop,2012,45387294817,Salamanca,Mexico,active,2,PRISCILLA.LOWE@sakilacustomer.org,278
274,NAOMI JENNINGS,1884 Shikarpur Avenue,85548,9.59949E+11,Karnal,India,active,1,NAOMI.JENNINGS@sakilacustomer.org,279
275,CAROLE BARNETT,1980 Kamjanets-Podilskyi Street,89502,8.74337E+11,Peoria,United States,active,2,CAROLE.BARNETT@sakilacustomer.org,280
276,BRANDY GRAVES,1944 Bamenda Way,24645,75975221996,Warren,United States,active,1,BRANDY.GRAVES@sakilacustomer.org,281
277,OLGA JIMENEZ,556 Baybay Manor,55802,3.63982E+11,Ogbomosho,Nigeria,active,2,OLGA.JIMENEZ@sakilacustomer.org,282
278,BILLIE HORTON,457 Tongliao Loop,56254,8.80756E+11,Inegöl,Turkey,active,2,BILLIE.HORTON@sakilacustomer.org,283
279,DIANNE SHELTON,600 Bradford Street,96204,1.17592E+11,Tabriz,Iran,active,2,DIANNE.SHELTON@sakilacustomer.org,284
280,TRACEY BARRETT,1006 Santa Brbara dOeste Manor,36229,85059738746,Owo,Nigeria,active,2,TRACEY.BARRETT@sakilacustomer.org,285
281,LEONA OBRIEN,1308 Sumy Loop,30657,5.83021E+11,Fuzhou,China,active,2,LEONA.OBRIEN@sakilacustomer.org,286
282,JENNY CASTRO,1405 Chisinau Place,8160,62781725285,Ponce,Puerto Rico,active,2,JENNY.CASTRO@sakilacustomer.org,287
283,FELICIA SUTTON,226 Halifax Street,58492,7.90651E+11,Korla,China,active,1,FELICIA.SUTTON@sakilacustomer.org,288
284,SONIA GREGORY,1279 Udine Parkway,75860,1.95004E+11,Benin City,Nigeria,active,1,SONIA.GREGORY@sakilacustomer.org,289
285,MIRIAM MCKINNEY,1336 Benin City Drive,46044,3.41243E+11,Otsu,Japan,active,1,MIRIAM.MCKINNEY@sakilacustomer.org,290
286,VELMA LUCAS,1155 Liaocheng Place,22650,5.58236E+11,Effon-Alaiye,Nigeria,active,1,VELMA.LUCAS@sakilacustomer.org,291
287,BECKY MILES,1993 Tabuk Lane,64221,6.48482E+11,Tambaram,India,active,2,BECKY.MILES@sakilacustomer.org,292
288,BOBBIE CRAIG,86 Higashiosaka Lane,33768,9.57129E+11,Valle de Santiago,Mexico,active,1,BOBBIE.CRAIG@sakilacustomer.org,293
289,VIOLET RODRIQUEZ,1912 Allende Manor,58124,1.72262E+11,Kowloon and New Kowloon,Hong Kong,active,1,VIOLET.RODRIQUEZ@sakilacustomer.org,294
290,KRISTINA CHAMBERS,544 Tarsus Boulevard,53145,892523334,Valle de la Pascua,Venezuela,active,1,KRISTINA.CHAMBERS@sakilacustomer.org,295
291,TONI HOLT,1936 Cuman Avenue,61195,9.76799E+11,Roanoke,United States,active,1,TONI.HOLT@sakilacustomer.org,296
292,MISTY LAMBERT,1192 Tongliao Street,19065,3.50971E+11,Sharja,United Arab Emirates,active,2,MISTY.LAMBERT@sakilacustomer.org,297
293,MAE FLETCHER,44 Najafabad Way,61391,96604821070,Donostia-San Sebastián,Spain,active,2,MAE.FLETCHER@sakilacustomer.org,298
294,SHELLY WATTS,32 Pudukkottai Lane,38834,9.67275E+11,Dayton,United States,active,2,SHELLY.WATTS@sakilacustomer.org,299
295,DAISY BATES,661 Chisinau Lane,8856,8.16436E+11,Kolpino,Russian Federation,active,1,DAISY.BATES@sakilacustomer.org,300
296,RAMONA HALE,951 Stara Zagora Manor,98573,4.29926E+11,Patiala,India,active,2,RAMONA.HALE@sakilacustomer.org,301
297,SHERRI RHODES,922 Vila Velha Loop,4085,5.10737E+11,Ahmadnagar,India,active,1,SHERRI.RHODES@sakilacustomer.org,302
298,ERIKA PENA,898 Jining Lane,40070,1.61643E+11,Oulu,Finland,active,1,ERIKA.PENA@sakilacustomer.org,303
299,JAMES GANNON,1635 Kuwana Boulevard,52137,7.10604E+11,Hiroshima,Japan,active,2,JAMES.GANNON@sakilacustomer.org,304
300,JOHN FARNSWORTH,41 El Alto Parkway,56883,51917807050,Parbhani,India,active,1,JOHN.FARNSWORTH@sakilacustomer.org,305
301,ROBERT BAUGHMAN,1883 Maikop Lane,68469,96110042435,Kaliningrad,Russian Federation,active,2,ROBERT.BAUGHMAN@sakilacustomer.org,306
302,MICHAEL SILVERMAN,1908 Gaziantep Place,58979,1.08054E+11,Tiefa,China,active,1,MICHAEL.SILVERMAN@sakilacustomer.org,307
303,WILLIAM SATTERFIELD,687 Alessandria Parkway,57587,4.07219E+11,Sanaa,Yemen,active,2,WILLIAM.SATTERFIELD@sakilacustomer.org,308
304,DAVID ROYAL,827 Yuncheng Drive,79047,5.04434E+11,Callao,Peru,active,2,DAVID.ROYAL@sakilacustomer.org,309
305,RICHARD MCCRARY,913 Coacalco de Berriozbal Loop,42141,2.62088E+11,Arlington,United States,active,1,RICHARD.MCCRARY@sakilacustomer.org,310
306,CHARLES KOWALSKI,715 So Bernardo do Campo Lane,84804,1.81179E+11,Sungai Petani,Malaysia,active,1,CHARLES.KOWALSKI@sakilacustomer.org,311
307,JOSEPH JOY,1354 Siegen Street,80184,5.73442E+11,Angra dos Reis,Brazil,active,2,JOSEPH.JOY@sakilacustomer.org,312
308,THOMAS GRIGSBY,1191 Sungai Petani Boulevard,9668,9.8326E+11,Kansas City,United States,active,1,THOMAS.GRIGSBY@sakilacustomer.org,313
309,CHRISTOPHER GRECO,1224 Huejutla de Reyes Boulevard,70923,8.06017E+11,Brescia,Italy,active,1,CHRISTOPHER.GRECO@sakilacustomer.org,314
310,DANIEL CABRAL,543 Bergamo Avenue,59686,1.03602E+11,Ibirité,Brazil,active,2,DANIEL.CABRAL@sakilacustomer.org,315
311,PAUL TROUT,746 Joliet Lane,94878,6.88485E+11,Kursk,Russian Federation,active,2,PAUL.TROUT@sakilacustomer.org,316
312,MARK RINEHART,780 Kimberley Way,17032,8.24397E+11,Tabuk,Saudi Arabia,active,2,MARK.RINEHART@sakilacustomer.org,317
313,DONALD MAHON,1774 Yaound Place,91400,6.13124E+11,Ezhou,China,active,2,DONALD.MAHON@sakilacustomer.org,318
314,GEORGE LINTON,1957 Yantai Lane,59255,7.04948E+11,Sorocaba,Brazil,active,1,GEORGE.LINTON@sakilacustomer.org,319
315,KENNETH GOODEN,1542 Lubumbashi Boulevard,62472,5.088E+11,Bat Yam,Israel,Not Active,2,KENNETH.GOODEN@sakilacustomer.org,320
316,STEVEN CURLEY,651 Pathankot Loop,59811,1.39378E+11,Miraj,India,active,1,STEVEN.CURLEY@sakilacustomer.org,321
317,EDWARD BAUGH,1359 Zhoushan Parkway,29763,46568045367,Tórshavn,Faroe Islands,active,2,EDWARD.BAUGH@sakilacustomer.org,322
318,BRIAN WYMAN,1769 Iwaki Lane,25787,5.56101E+11,Bydgoszcz,Poland,active,1,BRIAN.WYMAN@sakilacustomer.org,323
319,RONALD WEINER,1145 Vilnius Manor,73170,6.74806E+11,San Felipe del Progreso,Mexico,active,2,RONALD.WEINER@sakilacustomer.org,324
320,ANTHONY SCHWAB,1892 Nabereznyje Telny Lane,28396,4.7823E+11,Tafuna,American Samoa,active,2,ANTHONY.SCHWAB@sakilacustomer.org,325
321,KEVIN SCHULER,470 Boksburg Street,97960,9.0803E+11,Birgunj,Nepal,active,1,KEVIN.SCHULER@sakilacustomer.org,326
322,JASON MORRISSEY,1427 A Corua (La Corua) Place,85799,9.72575E+11,Bahía Blanca,Argentina,active,1,JASON.MORRISSEY@sakilacustomer.org,327
323,MATTHEW MAHAN,479 San Felipe del Progreso Avenue,54949,8.69052E+11,Cuautla,Mexico,active,2,MATTHEW.MAHAN@sakilacustomer.org,328
324,GARY COY,867 Benin City Avenue,78543,1.68885E+11,Yuzhou,China,active,2,GARY.COY@sakilacustomer.org,329
325,TIMOTHY BUNN,981 Kumbakonam Place,87611,8.29116E+11,Brasília,Brazil,active,1,TIMOTHY.BUNN@sakilacustomer.org,330
326,JOSE ANDREW,1016 Iwakuni Street,49833,9.61371E+11,Kingstown,Saint Vincent and the Grenadines,active,1,JOSE.ANDREW@sakilacustomer.org,331
327,LARRY THRASHER,663 Baha Blanca Parkway,33463,8.34419E+11,Adana,Turkey,active,2,LARRY.THRASHER@sakilacustomer.org,332
328,JEFFREY SPEAR,1860 Taguig Loop,59550,38158430589,Ciparay,Indonesia,active,2,JEFFREY.SPEAR@sakilacustomer.org,333
329,FRANK WAGGONER,1816 Bydgoszcz Loop,64308,9.65274E+11,Jamalpur,Bangladesh,active,2,FRANK.WAGGONER@sakilacustomer.org,334
330,SCOTT SHELLEY,587 Benguela Manor,91590,1.65451E+11,Aurora,United States,active,1,SCOTT.SHELLEY@sakilacustomer.org,335
331,ERIC ROBERT,430 Kumbakonam Drive,28814,1.05471E+11,Santa Fé,Argentina,active,1,ERIC.ROBERT@sakilacustomer.org,336
332,STEPHEN QUALLS,1838 Tabriz Lane,1195,38988715447,Dhaka,Bangladesh,active,1,STEPHEN.QUALLS@sakilacustomer.org,337
333,ANDREW PURDY,431 Szkesfehrvr Avenue,57828,1.19501E+11,Baku,Azerbaijan,active,2,ANDREW.PURDY@sakilacustomer.org,338
334,RAYMOND MCWHORTER,503 Sogamoso Loop,49812,8.34627E+11,Sumqayit,Azerbaijan,active,2,RAYMOND.MCWHORTER@sakilacustomer.org,339
335,GREGORY MAULDIN,507 Smolensk Loop,22971,80303246192,Sousse,Tunisia,active,1,GREGORY.MAULDIN@sakilacustomer.org,340
336,JOSHUA MARK,1920 Weifang Avenue,15643,8.69508E+11,Rampur,India,active,1,JOSHUA.MARK@sakilacustomer.org,341
337,JERRY JORDON,124 al-Manama Way,52368,6.47899E+11,Onomichi,Japan,active,1,JERRY.JORDON@sakilacustomer.org,342
338,DENNIS GILMAN,1443 Mardan Street,31483,2.31383E+11,Paarl,South Africa,active,1,DENNIS.GILMAN@sakilacustomer.org,343
339,WALTER PERRYMAN,1909 Benguela Lane,19913,6.24138E+11,Xinxiang,China,active,2,WALTER.PERRYMAN@sakilacustomer.org,344
340,PATRICK NEWSOM,68 Ponce Parkway,85926,8.70635E+11,Hanoi,Vietnam,active,1,PATRICK.NEWSOM@sakilacustomer.org,345
341,PETER MENARD,1217 Konotop Avenue,504,7.18917E+11,Ede,Netherlands,active,1,PETER.MENARD@sakilacustomer.org,346
342,HAROLD MARTINO,1293 Nam Dinh Way,71583,6.97656E+11,Boa Vista,Brazil,active,1,HAROLD.MARTINO@sakilacustomer.org,347
343,DOUGLAS GRAF,785 Vaduz Street,36170,8.95617E+11,Mexicali,Mexico,active,1,DOUGLAS.GRAF@sakilacustomer.org,348
344,HENRY BILLINGSLEY,1516 Escobar Drive,46069,64536069371,Nuku´alofa,Tonga,active,1,HENRY.BILLINGSLEY@sakilacustomer.org,349
345,CARL ARTIS,1628 Nagareyama Lane,60079,20064292617,San Lorenzo,Paraguay,active,1,CARL.ARTIS@sakilacustomer.org,350
346,ARTHUR SIMPKINS,1157 Nyeri Loop,56380,2.62745E+11,Maikop,Russian Federation,active,1,ARTHUR.SIMPKINS@sakilacustomer.org,351
347,RYAN SALISBURY,1673 Tangail Drive,26857,6.27924E+11,Daugavpils,Latvia,active,2,RYAN.SALISBURY@sakilacustomer.org,352
348,ROGER QUINTANILLA,381 Kabul Way,87272,55477302294,Hsichuh,Taiwan,active,2,ROGER.QUINTANILLA@sakilacustomer.org,353
349,JOE GILLILAND,953 Hodeida Street,18841,53912826864,Imus,Philippines,active,2,JOE.GILLILAND@sakilacustomer.org,354
350,JUAN FRALEY,469 Nakhon Sawan Street,58866,6.892E+11,Tšeboksary,Russian Federation,active,1,JUAN.FRALEY@sakilacustomer.org,355
351,JACK FOUST,1378 Beira Loop,40792,8.40958E+11,Zeleznogorsk,Russian Federation,active,1,JACK.FOUST@sakilacustomer.org,356
352,ALBERT CROUSE,1641 Changhwa Place,37636,2.56546E+11,Bamenda,Cameroon,active,1,ALBERT.CROUSE@sakilacustomer.org,357
353,JONATHAN SCARBOROUGH,1698 Southport Loop,49009,7.54358E+11,Pachuca de Soto,Mexico,active,1,JONATHAN.SCARBOROUGH@sakilacustomer.org,358
354,JUSTIN NGO,519 Nyeri Manor,37650,7.64681E+11,Santo André,Brazil,active,2,JUSTIN.NGO@sakilacustomer.org,359
355,TERRY GRISSOM,619 Hunuco Avenue,81508,1.42596E+11,Matsue,Japan,active,2,TERRY.GRISSOM@sakilacustomer.org,360
356,GERALD FULTZ,45 Aparecida de Goinia Place,7431,6.50497E+11,Satna,India,active,2,GERALD.FULTZ@sakilacustomer.org,361
357,KEITH RICO,482 Kowloon and New Kowloon Manor,97056,7.38968E+11,Bratislava,Slovakia,active,1,KEITH.RICO@sakilacustomer.org,362
358,SAMUEL MARLOW,604 Bern Place,5373,6.20719E+11,Ranchi,India,active,2,SAMUEL.MARLOW@sakilacustomer.org,363
359,WILLIE MARKHAM,1623 Kingstown Drive,91299,2.96395E+11,Almirante Brown,Argentina,active,2,WILLIE.MARKHAM@sakilacustomer.org,364
360,RALPH MADRIGAL,1009 Zanzibar Lane,64875,1.02396E+11,Arecibo,Puerto Rico,active,2,RALPH.MADRIGAL@sakilacustomer.org,365
361,LAWRENCE LAWTON,114 Jalib al-Shuyukh Manor,60440,8.45379E+11,Yaoundé,Cameroon,active,2,LAWRENCE.LAWTON@sakilacustomer.org,366
362,NICHOLAS BARFIELD,1163 London Parkway,6066,6.7512E+11,Belém,Brazil,active,1,NICHOLAS.BARFIELD@sakilacustomer.org,367
363,ROY WHITING,1658 Jastrzebie-Zdrj Loop,96584,5.68368E+11,Nyeri,Kenya,active,2,ROY.WHITING@sakilacustomer.org,368
364,BENJAMIN VARNEY,817 Laredo Avenue,77449,1.5125E+11,Guadalajara,Mexico,active,1,BENJAMIN.VARNEY@sakilacustomer.org,369
365,BRUCE SCHWARZ,1565 Tangail Manor,45750,6.34445E+11,Okinawa,Japan,active,2,BRUCE.SCHWARZ@sakilacustomer.org,370
366,BRANDON HUEY,1912 Emeishan Drive,33050,99883471275,Balikesir,Turkey,active,1,BRANDON.HUEY@sakilacustomer.org,371
367,ADAM GOOCH,230 Urawa Drive,2738,1.66898E+11,Adoni,India,active,1,ADAM.GOOCH@sakilacustomer.org,372
368,HARRY ARCE,1922 Miraj Way,13203,3.20471E+11,Najafabad,Iran,Not Active,1,HARRY.ARCE@sakilacustomer.org,373
369,FRED WHEAT,433 Florencia Street,91330,5.6173E+11,Juárez,Mexico,active,2,FRED.WHEAT@sakilacustomer.org,374
370,WAYNE TRUONG,1049 Matamoros Parkway,69640,9.60505E+11,Gulbarga,India,active,2,WAYNE.TRUONG@sakilacustomer.org,375
371,BILLY POULIN,1061 Ede Avenue,57810,3.33391E+11,Cabuyao,Philippines,active,1,BILLY.POULIN@sakilacustomer.org,376
372,STEVE MACKENZIE,154 Oshawa Manor,72771,4.40366E+11,Probolinggo,Indonesia,active,2,STEVE.MACKENZIE@sakilacustomer.org,377
373,LOUIS LEONE,1191 Tandil Drive,6362,45554316010,Tanauan,Philippines,active,1,LOUIS.LEONE@sakilacustomer.org,378
374,JEREMY HURTADO,1133 Rizhao Avenue,2800,6.00265E+11,Vitória de Santo Antão,Brazil,active,2,JEREMY.HURTADO@sakilacustomer.org,379
375,AARON SELBY,1519 Santiago de los Caballeros Loop,22025,4.09315E+11,Mwene-Ditu,"Congo, The Democratic Republic of the",active,2,AARON.SELBY@sakilacustomer.org,380
376,RANDY GAITHER,1618 Olomouc Manor,26385,96846695220,Kurgan,Russian Federation,active,1,RANDY.GAITHER@sakilacustomer.org,381
377,HOWARD FORTNER,220 Hidalgo Drive,45298,3.42721E+11,Kermanshah,Iran,active,1,HOWARD.FORTNER@sakilacustomer.org,382
378,EUGENE CULPEPPER,686 Donostia-San Sebastin Lane,97390,71857599858,Shenzhen,China,active,1,EUGENE.CULPEPPER@sakilacustomer.org,383
379,CARLOS COUGHLIN,97 Mogiljov Lane,89294,9.24815E+11,Bhavnagar,India,active,1,CARLOS.COUGHLIN@sakilacustomer.org,384
380,RUSSELL BRINSON,1642 Charlotte Amalie Drive,75442,8.21477E+11,Tychy,Poland,active,1,RUSSELL.BRINSON@sakilacustomer.org,385
381,BOBBY BOUDREAU,1368 Maracabo Boulevard,32716,9.34352E+11,South Hill,Anguilla,active,2,BOBBY.BOUDREAU@sakilacustomer.org,386
382,VICTOR BARKLEY,401 Sucre Boulevard,25007,4.86396E+11,Manchester,United States,active,2,VICTOR.BARKLEY@sakilacustomer.org,387
383,MARTIN BALES,368 Hunuco Boulevard,17165,1.06439E+11,Namibe,Angola,active,1,MARTIN.BALES@sakilacustomer.org,388
384,ERNEST STEPP,500 Lincoln Parkway,95509,5.50307E+11,Huai´an,China,active,2,ERNEST.STEPP@sakilacustomer.org,389
385,PHILLIP HOLM,102 Chapra Drive,14073,7.76032E+11,Tama,Japan,active,1,PHILLIP.HOLM@sakilacustomer.org,390
386,TODD TAN,1793 Meixian Place,33535,6.19966E+11,Kamjanets-Podilskyi,Ukraine,active,1,TODD.TAN@sakilacustomer.org,391
387,JESSE SCHILLING,514 Ife Way,69973,9.00236E+11,Lubumbashi,"Congo, The Democratic Republic of the",active,2,JESSE.SCHILLING@sakilacustomer.org,392
388,CRAIG MORRELL,717 Changzhou Lane,21615,4.26255E+11,Cavite,Philippines,active,2,CRAIG.MORRELL@sakilacustomer.org,393
389,ALAN KAHN,753 Ilorin Avenue,3656,4.64511E+11,Emeishan,China,active,1,ALAN.KAHN@sakilacustomer.org,394
390,SHAWN HEATON,1337 Mit Ghamr Avenue,29810,1.75283E+11,Nakhon Sawan,Thailand,active,1,SHAWN.HEATON@sakilacustomer.org,395
391,CLARENCE GAMEZ,767 Pyongyang Drive,83536,6.67736E+11,Izumisano,Japan,active,1,CLARENCE.GAMEZ@sakilacustomer.org,396
392,SEAN DOUGLASS,614 Pak Kret Street,27796,47808359842,Addis Abeba,Ethiopia,active,2,SEAN.DOUGLASS@sakilacustomer.org,397
393,PHILIP CAUSEY,954 Lapu-Lapu Way,8816,7.37229E+11,Korolev,Russian Federation,active,1,PHILIP.CAUSEY@sakilacustomer.org,398
394,CHRIS BROTHERS,331 Bydgoszcz Parkway,966,5.37374E+11,Gijón,Spain,active,2,CHRIS.BROTHERS@sakilacustomer.org,399
395,JOHNNY TURPIN,1152 Citrus Heights Manor,5239,7.65957E+11,al-Qadarif,Sudan,active,2,JOHNNY.TURPIN@sakilacustomer.org,400
396,EARL SHANKS,168 Cianjur Manor,73824,6.79095E+11,Iwatsuki,Japan,active,1,EARL.SHANKS@sakilacustomer.org,401
397,JIMMY SCHRADER,616 Hagonoy Avenue,46043,6.04178E+11,Atšinsk,Russian Federation,active,1,JIMMY.SCHRADER@sakilacustomer.org,402
398,ANTONIO MEEK,1190 0 Place,10417,8.41877E+11,Bagé,Brazil,active,1,ANTONIO.MEEK@sakilacustomer.org,403
399,DANNY ISOM,734 Bchar Place,30586,2.80579E+11,Okara,Pakistan,active,1,DANNY.ISOM@sakilacustomer.org,404
400,BRYAN HARDISON,530 Lausanne Lane,11067,7.75235E+11,Dallas,United States,active,2,BRYAN.HARDISON@sakilacustomer.org,405
401,TONY CARRANZA,454 Patiala Lane,13496,7.94553E+11,Koriyama,Japan,active,2,TONY.CARRANZA@sakilacustomer.org,406
402,LUIS YANEZ,1346 Mysore Drive,61507,5.16647E+11,Brest,France,active,1,LUIS.YANEZ@sakilacustomer.org,407
403,MIKE WAY,990 Etawah Loop,79940,2.06169E+11,Valparai,India,active,1,MIKE.WAY@sakilacustomer.org,408
404,STANLEY SCROGGINS,1266 Laredo Parkway,7664,1483365694,Omiya,Japan,active,2,STANLEY.SCROGGINS@sakilacustomer.org,409
405,LEONARD SCHOFIELD,88 Nagaon Manor,86868,7.79461E+11,Tandil,Argentina,active,1,LEONARD.SCHOFIELD@sakilacustomer.org,410
406,NATHAN RUNYON,264 Bhimavaram Manor,54749,3.02527E+11,Charlotte Amalie,"Virgin Islands, U.S.",Not Active,1,NATHAN.RUNYON@sakilacustomer.org,411
407,DALE RATCLIFF,1639 Saarbrcken Drive,9827,3.28495E+11,Rustenburg,South Africa,active,1,DALE.RATCLIFF@sakilacustomer.org,412
408,MANUEL MURRELL,692 Amroha Drive,35575,3.59479E+11,Jaffna,Sri Lanka,active,1,MANUEL.MURRELL@sakilacustomer.org,413
409,RODNEY MOELLER,1936 Lapu-Lapu Parkway,7122,6.53437E+11,Deba Habe,Nigeria,active,2,RODNEY.MOELLER@sakilacustomer.org,414
410,CURTIS IRBY,432 Garden Grove Street,65630,6.15965E+11,Richmond Hill,Canada,active,2,CURTIS.IRBY@sakilacustomer.org,415
411,NORMAN CURRIER,1445 Carmen Parkway,70809,5.98912E+11,Cianjur,Indonesia,active,1,NORMAN.CURRIER@sakilacustomer.org,416
412,ALLEN BUTTERFIELD,791 Salinas Street,40509,1.29953E+11,Hoshiarpur,India,active,2,ALLEN.BUTTERFIELD@sakilacustomer.org,417
413,MARVIN YEE,126 Acua Parkway,58888,4.8004E+11,Berhampore (Baharampur),India,active,2,MARVIN.YEE@sakilacustomer.org,418
414,VINCENT RALSTON,397 Sunnyvale Avenue,55566,6.80852E+11,Allende,Mexico,active,1,VINCENT.RALSTON@sakilacustomer.org,419
415,GLENN PULLEN,992 Klerksdorp Loop,33711,8.5529E+11,Amersfoort,Netherlands,active,1,GLENN.PULLEN@sakilacustomer.org,420
416,JEFFERY PINSON,966 Arecibo Loop,94018,15273765306,Dadu,Pakistan,active,2,JEFFERY.PINSON@sakilacustomer.org,421
417,TRAVIS ESTEP,289 Santo Andr Manor,72410,2.14976E+11,al-Qatif,Saudi Arabia,active,1,TRAVIS.ESTEP@sakilacustomer.org,422
418,JEFF EAST,437 Chungho Drive,59489,4.91271E+11,San Felipe de Puerto Plata,Dominican Republic,active,2,JEFF.EAST@sakilacustomer.org,423
419,CHAD CARBONE,1948 Bayugan Parkway,60622,9.87306E+11,Katihar,India,active,1,CHAD.CARBONE@sakilacustomer.org,424
420,JACOB LANCE,1866 al-Qatif Avenue,89420,5.46794E+11,El Monte,United States,active,1,JACOB.LANCE@sakilacustomer.org,425
421,LEE HAWKS,1661 Abha Drive,14400,2.70457E+11,Pudukkottai,India,active,1,LEE.HAWKS@sakilacustomer.org,426
422,MELVIN ELLINGTON,1557 Cape Coral Parkway,46875,3.68284E+11,Laohekou,China,active,1,MELVIN.ELLINGTON@sakilacustomer.org,427
423,ALFRED CASILLAS,1727 Matamoros Place,78813,1.29674E+11,Sawhaj,Egypt,active,2,ALFRED.CASILLAS@sakilacustomer.org,428
424,KYLE SPURLOCK,1269 Botosani Manor,47394,7.36517E+11,Shanwei,China,active,2,KYLE.SPURLOCK@sakilacustomer.org,429
425,FRANCIS SIKES,355 Vitria de Santo Anto Way,81758,5.48004E+11,San Juan Bautista Tuxtepec,Mexico,active,2,FRANCIS.SIKES@sakilacustomer.org,430
426,BRADLEY MOTLEY,1596 Acua Parkway,70425,1.57133E+11,Purnea (Purnia),India,active,1,BRADLEY.MOTLEY@sakilacustomer.org,431
427,JESUS MCCARTNEY,259 Ipoh Drive,64964,4.1901E+11,Guarujá,Brazil,active,2,JESUS.MCCARTNEY@sakilacustomer.org,432
428,HERBERT KRUGER,1823 Hoshiarpur Lane,33191,3.07134E+11,Syktyvkar,Russian Federation,active,2,HERBERT.KRUGER@sakilacustomer.org,433
429,FREDERICK ISBELL,1404 Taguig Drive,87212,5.72069E+11,Tsuyama,Japan,active,2,FREDERICK.ISBELL@sakilacustomer.org,434
430,RAY HOULE,740 Udaipur Lane,33505,4.97289E+11,Dzerzinsk,Russian Federation,active,1,RAY.HOULE@sakilacustomer.org,435
431,JOEL FRANCISCO,287 Cuautla Boulevard,72736,82619513349,Sucre,Bolivia,active,2,JOEL.FRANCISCO@sakilacustomer.org,436
432,EDWIN BURK,1766 Almirante Brown Street,63104,6.17568E+11,Newcastle,South Africa,active,1,EDWIN.BURK@sakilacustomer.org,437
433,DON BONE,596 Huixquilucan Place,65892,3.42709E+11,Naçala-Porto,Mozambique,active,1,DON.BONE@sakilacustomer.org,438
434,EDDIE TOMLIN,1351 Aparecida de Goinia Parkway,41775,9.59835E+11,Ozamis,Philippines,active,1,EDDIE.TOMLIN@sakilacustomer.org,439
435,RICKY SHELBY,722 Bradford Lane,90920,7.46251E+11,Junan,China,active,2,RICKY.SHELBY@sakilacustomer.org,440
436,TROY QUIGLEY,983 Santa F Way,47472,1.4572E+11,Vancouver,Canada,active,1,TROY.QUIGLEY@sakilacustomer.org,441
437,RANDALL NEUMANN,1245 Ibirit Way,40926,3.31889E+11,La Romana,Dominican Republic,active,2,RANDALL.NEUMANN@sakilacustomer.org,442
438,BARRY LOVELACE,1836 Korla Parkway,55405,6.89682E+11,Kitwe,Zambia,active,1,BARRY.LOVELACE@sakilacustomer.org,443
439,ALEXANDER FENNELL,231 Kaliningrad Place,57833,5.75081E+11,Bergamo,Italy,active,2,ALEXANDER.FENNELL@sakilacustomer.org,444
440,BERNARD COLBY,495 Bhimavaram Lane,3,82088937724,Dhule (Dhulia),India,active,1,BERNARD.COLBY@sakilacustomer.org,445
441,MARIO CHEATHAM,1924 Shimonoseki Drive,52625,4.06784E+11,Batna,Algeria,active,1,MARIO.CHEATHAM@sakilacustomer.org,446
442,LEROY BUSTAMANTE,105 Dzerzinsk Manor,48570,2.40776E+11,Tongliao,China,active,1,LEROY.BUSTAMANTE@sakilacustomer.org,447
443,FRANCISCO SKIDMORE,614 Denizli Parkway,29444,8.76492E+11,São Leopoldo,Brazil,active,2,FRANCISCO.SKIDMORE@sakilacustomer.org,448
444,MARCUS HIDALGO,1289 Belm Boulevard,88306,2.37369E+11,Tartu,Estonia,active,2,MARCUS.HIDALGO@sakilacustomer.org,449
445,MICHEAL FORMAN,203 Tambaram Street,73942,4.1155E+11,Escobar,Argentina,active,1,MICHEAL.FORMAN@sakilacustomer.org,450
446,THEODORE CULP,1704 Tambaram Manor,2834,39463554936,Uluberia,India,Not Active,2,THEODORE.CULP@sakilacustomer.org,451
447,CLIFFORD BOWENS,207 Cuernavaca Loop,52671,7.829E+11,Nabereznyje Tšelny,Russian Federation,active,1,CLIFFORD.BOWENS@sakilacustomer.org,452
448,MIGUEL BETANCOURT,319 Springs Loop,99552,72524459905,Erlangen,Germany,active,1,MIGUEL.BETANCOURT@sakilacustomer.org,453
449,OSCAR AQUINO,956 Nam Dinh Manor,21872,4.74048E+11,Sirjan,Iran,active,2,OSCAR.AQUINO@sakilacustomer.org,454
450,JAY ROBB,1947 Paarl Way,23636,8.34061E+11,Surakarta,Indonesia,active,1,JAY.ROBB@sakilacustomer.org,455
451,JIM REA,814 Simferopol Loop,48745,5.24567E+11,El Fuerte,Mexico,active,1,JIM.REA@sakilacustomer.org,456
452,TOM MILNER,535 Ahmadnagar Manor,41136,9.8511E+11,Abu Dhabi,United Arab Emirates,active,1,TOM.MILNER@sakilacustomer.org,457
453,CALVIN MARTEL,138 Caracas Boulevard,16790,9.74433E+11,Maracaíbo,Venezuela,active,1,CALVIN.MARTEL@sakilacustomer.org,458
454,ALEX GRESHAM,251 Florencia Drive,16119,1.18012E+11,Uruapan,Mexico,active,2,ALEX.GRESHAM@sakilacustomer.org,459
455,JON WILES,659 Gatineau Boulevard,28587,2.05525E+11,El Alto,Bolivia,active,2,JON.WILES@sakilacustomer.org,460
456,RONNIE RICKETTS,1889 Valparai Way,75559,6.70371E+11,Ziguinchor,Senegal,active,2,RONNIE.RICKETTS@sakilacustomer.org,461
457,BILL GAVIN,1485 Bratislava Place,83183,9.24664E+11,Rockford,United States,active,2,BILL.GAVIN@sakilacustomer.org,462
458,LLOYD DOWD,935 Aden Boulevard,64709,3.35053E+11,Tegal,Indonesia,active,1,LLOYD.DOWD@sakilacustomer.org,463
459,TOMMY COLLAZO,76 Kermanshah Manor,23343,7.62362E+11,Qomsheh,Iran,active,1,TOMMY.COLLAZO@sakilacustomer.org,464
460,LEON BOSTIC,734 Tanshui Avenue,70664,3.66777E+11,Florencia,Colombia,active,1,LEON.BOSTIC@sakilacustomer.org,465
461,DEREK BLAKELY,118 Jaffna Loop,10447,3.25527E+11,Gingoog,Philippines,active,1,DEREK.BLAKELY@sakilacustomer.org,466
462,WARREN SHERROD,1621 Tongliao Avenue,22173,2.09343E+11,Usolje-Sibirskoje,Russian Federation,active,2,WARREN.SHERROD@sakilacustomer.org,467
463,DARRELL POWER,1844 Usak Avenue,84461,1.64415E+11,Halifax,Canada,active,2,DARRELL.POWER@sakilacustomer.org,468
464,JEROME KENYON,1872 Toulon Loop,7939,9.28809E+11,Rancagua,Chile,active,1,JEROME.KENYON@sakilacustomer.org,469
465,FLOYD GANDY,1088 Ibirit Place,88502,49084281333,Zapopan,Mexico,active,1,FLOYD.GANDY@sakilacustomer.org,470
466,LEO EBERT,1322 Mosul Parkway,95400,2.68054E+11,Dongying,China,active,1,LEO.EBERT@sakilacustomer.org,471
467,ALVIN DELOACH,1447 Chatsworth Place,41545,7.6937E+11,Cuauhtémoc,Mexico,active,2,ALVIN.DELOACH@sakilacustomer.org,472
468,TIM CARY,1257 Guadalajara Street,33599,1.95338E+11,Bijapur,India,active,1,TIM.CARY@sakilacustomer.org,473
469,WESLEY BULL,1469 Plock Lane,95835,6.22885E+11,Ourense (Orense),Spain,active,2,WESLEY.BULL@sakilacustomer.org,474
470,GORDON ALLARD,434 Ourense (Orense) Manor,14122,5.6237E+11,Hodeida,Yemen,active,1,GORDON.ALLARD@sakilacustomer.org,475
471,DEAN SAUER,270 Tambaram Parkway,9668,2.48447E+11,Johannesburg,South Africa,active,1,DEAN.SAUER@sakilacustomer.org,476
472,GREG ROBINS,1786 Salinas Place,66546,2.06061E+11,Nam Dinh,Vietnam,active,1,GREG.ROBINS@sakilacustomer.org,477
473,JORGE OLIVARES,1078 Stara Zagora Drive,69221,9.32993E+11,Lhokseumawe,Indonesia,active,2,JORGE.OLIVARES@sakilacustomer.org,478
474,DUSTIN GILLETTE,1854 Okara Boulevard,42123,1.31913E+11,Emmen,Netherlands,active,2,DUSTIN.GILLETTE@sakilacustomer.org,479
475,PEDRO CHESTNUT,421 Yaound Street,11363,7.26876E+11,Šostka,Ukraine,active,2,PEDRO.CHESTNUT@sakilacustomer.org,480
476,DERRICK BOURQUE,1153 Allende Way,20336,8.56872E+11,Gatineau,Canada,active,1,DERRICK.BOURQUE@sakilacustomer.org,481
477,DAN PAINE,808 Naala-Porto Parkway,41060,5.53452E+11,Stockport,United Kingdom,active,1,DAN.PAINE@sakilacustomer.org,482
478,LEWIS LYMAN,632 Usolje-Sibirskoje Parkway,73085,6.67649E+11,Ashqelon,Israel,active,1,LEWIS.LYMAN@sakilacustomer.org,483
479,ZACHARY HITE,98 Pyongyang Boulevard,88749,1.91958E+11,Akron,United States,active,1,ZACHARY.HITE@sakilacustomer.org,484
480,COREY HAUSER,984 Novoterkassk Loop,28165,4.35119E+11,Gaziantep,Turkey,active,1,COREY.HAUSER@sakilacustomer.org,485
481,HERMAN DEVORE,64 Korla Street,25145,5.10383E+11,Mwanza,Tanzania,active,1,HERMAN.DEVORE@sakilacustomer.org,486
482,MAURICE CRAWLEY,1785 So Bernardo do Campo Street,71182,6.84529E+11,Coatzacoalcos,Mexico,Not Active,1,MAURICE.CRAWLEY@sakilacustomer.org,487
483,VERNON CHAPA,698 Jelets Boulevard,2596,9.75186E+11,Denizli,Turkey,active,2,VERNON.CHAPA@sakilacustomer.org,488
484,ROBERTO VU,1297 Alvorada Parkway,11839,5.08349E+11,Yinchuan,China,active,1,ROBERTO.VU@sakilacustomer.org,489
485,CLYDE TOBIAS,1909 Dayton Avenue,88513,7.02955E+11,Shaoguan,China,active,1,CLYDE.TOBIAS@sakilacustomer.org,490
486,GLEN TALBERT,1789 Saint-Denis Parkway,8268,9.36807E+11,Acuña,Mexico,active,1,GLEN.TALBERT@sakilacustomer.org,491
487,HECTOR POINDEXTER,185 Mannheim Lane,23661,5.89378E+11,Pjatigorsk,Russian Federation,active,2,HECTOR.POINDEXTER@sakilacustomer.org,492
488,SHANE MILLARD,184 Mandaluyong Street,94239,4.88425E+11,La Paz,Mexico,active,2,SHANE.MILLARD@sakilacustomer.org,493
489,RICARDO MEADOR,591 Sungai Petani Drive,46400,37247325001,Okayama,Japan,active,1,RICARDO.MEADOR@sakilacustomer.org,494
490,SAM MCDUFFIE,656 Matamoros Drive,19489,17305839123,Sogamoso,Colombia,active,1,SAM.MCDUFFIE@sakilacustomer.org,495
491,RICK MATTOX,775 ostka Drive,22358,1.71973E+11,Mit Ghamr,Egypt,active,2,RICK.MATTOX@sakilacustomer.org,496
492,LESTER KRAUS,1013 Tabuk Boulevard,96203,1.584E+11,Kanchrapara,India,active,2,LESTER.KRAUS@sakilacustomer.org,497
493,BRENT HARKINS,319 Plock Parkway,26101,8.5426E+11,Sultanbeyli,Turkey,active,1,BRENT.HARKINS@sakilacustomer.org,498
494,RAMON CHOATE,1954 Kowloon and New Kowloon Way,63667,8.98559E+11,Ríobamba,Ecuador,active,2,RAMON.CHOATE@sakilacustomer.org,499
495,CHARLIE BESS,362 Rajkot Lane,98030,9.6202E+11,Baiyin,China,active,2,CHARLIE.BESS@sakilacustomer.org,500
496,TYLER WREN,1060 Tandil Lane,72349,2.11256E+11,Rizhao,China,active,2,TYLER.WREN@sakilacustomer.org,501
497,GILBERT SLEDGE,1515 Korla Way,57197,9.59468E+11,York,United Kingdom,active,2,GILBERT.SLEDGE@sakilacustomer.org,502
498,GENE SANBORN,1416 San Juan Bautista Tuxtepec Avenue,50592,1.44207E+11,Salala,Oman,active,1,GENE.SANBORN@sakilacustomer.org,503
499,MARC OUTLAW,1 Valle de Santiago Avenue,86208,4.65898E+11,Brindisi,Italy,active,2,MARC.OUTLAW@sakilacustomer.org,504
500,REGINALD KINDER,519 Brescia Parkway,69504,7.93997E+11,Madiun,Indonesia,active,1,REGINALD.KINDER@sakilacustomer.org,505
501,RUBEN GEARY,414 Mandaluyong Street,16370,52709222667,Lublin,Poland,active,1,RUBEN.GEARY@sakilacustomer.org,506
502,BRETT CORNWELL,1197 Sokoto Boulevard,87687,8.68603E+11,Siliguri (Shiliguri),India,active,1,BRETT.CORNWELL@sakilacustomer.org,507
503,ANGEL BARCLAY,496 Celaya Drive,90797,7.59587E+11,Ueda,Japan,active,1,ANGEL.BARCLAY@sakilacustomer.org,508
504,NATHANIEL ADAM,786 Matsue Way,37469,1.11177E+11,Joliet,United States,active,1,NATHANIEL.ADAM@sakilacustomer.org,509
505,RAFAEL ABNEY,48 Maracabo Place,1570,82671830126,Talavera,Philippines,active,1,RAFAEL.ABNEY@sakilacustomer.org,510
506,LESLIE SEWARD,1152 al-Qatif Lane,44816,1.31371E+11,Pontianak,Indonesia,active,2,LESLIE.SEWARD@sakilacustomer.org,511
507,EDGAR RHOADS,1269 Ipoh Avenue,54674,4.0263E+11,Eskisehir,Turkey,active,2,EDGAR.RHOADS@sakilacustomer.org,512
508,MILTON HOWLAND,758 Korolev Parkway,75474,4.41628E+11,Vijayawada,India,active,2,MILTON.HOWLAND@sakilacustomer.org,513
509,RAUL FORTIER,1747 Rustenburg Place,51369,4.42674E+11,Chapra,India,active,1,RAUL.FORTIER@sakilacustomer.org,514
510,BEN EASTER,886 Tonghae Place,19450,7.11928E+11,Kamyšin,Russian Federation,Not Active,2,BEN.EASTER@sakilacustomer.org,515
511,CHESTER BENNER,1574 Goinia Boulevard,39529,59634255214,Suihua,China,active,1,CHESTER.BENNER@sakilacustomer.org,516
512,CECIL VINES,548 Uruapan Street,35653,8.79347E+11,London,United Kingdom,active,1,CECIL.VINES@sakilacustomer.org,517
513,DUANE TUBBS,962 Tama Loop,65952,2.82668E+11,Yangor,Nauru,active,2,DUANE.TUBBS@sakilacustomer.org,519
514,FRANKLIN TROUTMAN,1778 Gijn Manor,35156,2.88911E+11,Zaoyang,China,active,2,FRANKLIN.TROUTMAN@sakilacustomer.org,520
515,ANDRE RAPP,568 Dhule (Dhulia) Loop,92568,6.02101E+11,Coquimbo,Chile,active,1,ANDRE.RAPP@sakilacustomer.org,521
516,ELMER NOE,1768 Udine Loop,32347,4.48876E+11,Battambang,Cambodia,active,2,ELMER.NOE@sakilacustomer.org,522
517,BRAD MCCURDY,608 Birgunj Parkway,400,6.27426E+11,Chungho,Taiwan,active,2,BRAD.MCCURDY@sakilacustomer.org,523
518,GABRIEL HARDER,680 A Corua (La Corua) Manor,49806,1.58326E+11,Sivas,Turkey,active,1,GABRIEL.HARDER@sakilacustomer.org,524
519,RON DELUCA,1949 Sanya Street,61244,1.32101E+11,Isesaki,Japan,active,2,RON.DELUCA@sakilacustomer.org,525
520,MITCHELL WESTMORELAND,617 Klerksdorp Place,94707,5.74973E+11,Nha Trang,Vietnam,active,2,MITCHELL.WESTMORELAND@sakilacustomer.org,526
521,ROLAND SOUTH,1993 0 Loop,41214,25865528181,Yingkou,China,active,2,ROLAND.SOUTH@sakilacustomer.org,527
522,ARNOLD HAVENS,1176 Southend-on-Sea Manor,81651,2.36679E+11,Santa Rosa,Philippines,active,2,ARNOLD.HAVENS@sakilacustomer.org,528
523,HARVEY GUAJARDO,600 Purnea (Purnia) Avenue,18043,6.3841E+11,Vinh,Vietnam,active,1,HARVEY.GUAJARDO@sakilacustomer.org,529
524,JARED ELY,1003 Qinhuangdao Street,25972,35533115997,Purwakarta,Indonesia,active,1,JARED.ELY@sakilacustomer.org,530
525,ADRIAN CLARY,1986 Sivas Place,95775,1.82059E+11,Udine,Italy,active,2,ADRIAN.CLARY@sakilacustomer.org,531
526,KARL SEAL,1427 Tabuk Place,31342,2.14757E+11,Cape Coral,United States,active,2,KARL.SEAL@sakilacustomer.org,532
527,CORY MEEHAN,556 Asuncin Way,35364,3.38244E+11,Mogiljov,Belarus,active,1,CORY.MEEHAN@sakilacustomer.org,533
528,CLAUDE HERZOG,486 Ondo Parkway,35202,1.05882E+11,Benguela,Angola,active,1,CLAUDE.HERZOG@sakilacustomer.org,534
529,ERIK GUILLEN,635 Brest Manor,40899,80593242951,Bhimavaram,India,active,2,ERIK.GUILLEN@sakilacustomer.org,535
530,DARRYL ASHCRAFT,166 Jinchang Street,86760,7.17566E+11,Ezeiza,Argentina,active,2,DARRYL.ASHCRAFT@sakilacustomer.org,536
531,JAMIE WAUGH,958 Sagamihara Lane,88408,4.27275E+11,Kuwana,Japan,active,2,JAMIE.WAUGH@sakilacustomer.org,537
532,NEIL RENNER,1817 Livorno Way,79401,4.7838E+11,Cam Ranh,Vietnam,active,2,NEIL.RENNER@sakilacustomer.org,538
533,JESSIE MILAM,1332 Gaziantep Lane,22813,3.83353E+11,Binzhou,China,active,1,JESSIE.MILAM@sakilacustomer.org,539
534,CHRISTIAN JUNG,949 Allende Lane,67521,1.22981E+11,Amroha,India,Not Active,1,CHRISTIAN.JUNG@sakilacustomer.org,540
535,JAVIER ELROD,195 Ilorin Street,49250,8912935608,NDjamna,Chad,active,1,JAVIER.ELROD@sakilacustomer.org,541
536,FERNANDO CHURCHILL,193 Bhusawal Place,9750,7.45268E+11,Tonghae,South Korea,active,2,FERNANDO.CHURCHILL@sakilacustomer.org,542
537,CLINTON BUFORD,43 Vilnius Manor,79814,4.845E+11,Aurora,United States,active,2,CLINTON.BUFORD@sakilacustomer.org,543
538,TED BREAUX,183 Haiphong Street,69953,4.886E+11,Baicheng,China,active,2,TED.BREAUX@sakilacustomer.org,544
539,MATHEW BOLIN,163 Augusta-Richmond County Loop,33030,7.54579E+11,Valencia,Venezuela,active,1,MATHEW.BOLIN@sakilacustomer.org,545
540,TYRONE ASHER,191 Jos Azueta Parkway,13629,9.32157E+11,Ruse,Bulgaria,active,1,TYRONE.ASHER@sakilacustomer.org,546
541,DARREN WINDHAM,379 Lublin Parkway,74568,9.2196E+11,Livorno,Italy,active,2,DARREN.WINDHAM@sakilacustomer.org,547
542,LONNIE TIRADO,1658 Cuman Loop,51309,7.84907E+11,Pangkal Pinang,Indonesia,active,2,LONNIE.TIRADO@sakilacustomer.org,548
543,LANCE PEMBERTON,454 Qinhuangdao Drive,25866,7.8627E+11,Beni-Mellal,Morocco,active,1,LANCE.PEMBERTON@sakilacustomer.org,549
544,CODY NOLEN,1715 Okayama Street,55676,1.69353E+11,São Bernardo do Campo,Brazil,active,2,CODY.NOLEN@sakilacustomer.org,550
545,JULIO NOLAND,182 Nuku´alofa Drive,15414,4.26346E+11,Konotop,Ukraine,active,2,JULIO.NOLAND@sakilacustomer.org,551
546,KELLY KNOTT,390 Wroclaw Way,5753,3.57593E+11,Sanya,China,active,1,KELLY.KNOTT@sakilacustomer.org,552
547,KURT EMMONS,1421 Quilmes Lane,19151,1.35408E+11,Kanazawa,Japan,active,1,KURT.EMMONS@sakilacustomer.org,553
548,ALLAN CORNISH,947 Trshavn Place,841,50898428626,Tarlac,Philippines,active,1,ALLAN.CORNISH@sakilacustomer.org,554
549,NELSON CHRISTENSON,1764 Jalib al-Shuyukh Parkway,77642,84794532510,Santiago de Compostela,Spain,active,1,NELSON.CHRISTENSON@sakilacustomer.org,555
550,GUY BROWNLEE,346 Cam Ranh Avenue,39976,9.78431E+11,Zhoushan,China,active,2,GUY.BROWNLEE@sakilacustomer.org,556
551,CLAYTON BARBEE,1407 Pachuca de Soto Place,26284,3.80078E+11,Alvorada,Brazil,active,2,CLAYTON.BARBEE@sakilacustomer.org,557
552,HUGH WALDROP,904 Clarksville Drive,52234,9.55349E+11,Haining,China,active,2,HUGH.WALDROP@sakilacustomer.org,558
553,MAX PITT,1917 Kumbakonam Parkway,11892,6.98183E+11,Novi Sad,Yugoslavia,active,1,MAX.PITT@sakilacustomer.org,559
554,DWAYNE OLVERA,1447 Imus Place,12905,62127829280,Rajkot,India,active,1,DWAYNE.OLVERA@sakilacustomer.org,560
555,DWIGHT LOMBARDI,1497 Fengshan Drive,63022,3.68738E+11,Chatsworth,South Africa,active,1,DWIGHT.LOMBARDI@sakilacustomer.org,561
556,ARMANDO GRUBER,869 Shikarpur Way,57380,5.90764E+11,Southport,United Kingdom,active,2,ARMANDO.GRUBER@sakilacustomer.org,562
557,FELIX GAFFNEY,1059 Yuncheng Avenue,47498,1.07093E+11,Vilnius,Lithuania,active,1,FELIX.GAFFNEY@sakilacustomer.org,563
558,JIMMIE EGGLESTON,505 Madiun Boulevard,97271,9.70639E+11,Wroclaw,Poland,Not Active,1,JIMMIE.EGGLESTON@sakilacustomer.org,564
559,EVERETT BANDA,1741 Hoshiarpur Boulevard,22372,8.55066E+11,Bilbays,Egypt,active,2,EVERETT.BANDA@sakilacustomer.org,565
560,JORDAN ARCHULETA,1229 Varanasi (Benares) Manor,40195,8.1774E+11,Avellaneda,Argentina,active,1,JORDAN.ARCHULETA@sakilacustomer.org,566
561,IAN STILL,1894 Boa Vista Way,77464,2.39358E+11,Garland,United States,active,2,IAN.STILL@sakilacustomer.org,567
562,WALLACE SLONE,1342 Sharja Way,93655,9.46114E+11,Sokoto,Nigeria,active,1,WALLACE.SLONE@sakilacustomer.org,568
563,KEN PREWITT,1342 Abha Boulevard,10714,9.97454E+11,Bucuresti,Romania,active,2,KEN.PREWITT@sakilacustomer.org,569
564,BOB PFEIFFER,415 Pune Avenue,44274,2.03203E+11,Xintai,China,active,2,BOB.PFEIFFER@sakilacustomer.org,570
565,JAIME NETTLES,1746 Faaa Way,32515,8.63081E+11,Huánuco,Peru,active,2,JAIME.NETTLES@sakilacustomer.org,571
566,CASEY MENA,539 Hami Way,52196,5.25518E+11,Tokat,Turkey,active,1,CASEY.MENA@sakilacustomer.org,572
567,ALFREDO MCADAMS,1407 Surakarta Manor,33224,3.24346E+11,Serpuhov,Russian Federation,active,2,ALFREDO.MCADAMS@sakilacustomer.org,573
568,ALBERTO HENNING,502 Mandi Bahauddin Parkway,15992,6.18157E+11,Barcelona,Venezuela,active,2,ALBERTO.HENNING@sakilacustomer.org,574
569,DAVE GARDINER,1052 Pathankot Avenue,77397,1.28499E+11,Leshan,China,active,2,DAVE.GARDINER@sakilacustomer.org,575
570,IVAN CROMWELL,1351 Sousse Lane,37815,2.03804E+11,Monclova,Mexico,active,2,IVAN.CROMWELL@sakilacustomer.org,576
571,JOHNNIE CHISHOLM,1501 Pangkal Pinang Avenue,943,7.70864E+11,Plock,Poland,active,2,JOHNNIE.CHISHOLM@sakilacustomer.org,577
572,SIDNEY BURLESON,1405 Hagonoy Avenue,86587,8.67288E+11,Czestochowa,Poland,active,1,SIDNEY.BURLESON@sakilacustomer.org,578
573,BYRON BOX,521 San Juan Bautista Tuxtepec Place,95093,8.44018E+11,Zhezqazghan,Kazakstan,active,1,BYRON.BOX@sakilacustomer.org,579
574,JULIAN VEST,923 Tangail Boulevard,33384,3.15528E+11,Akishima,Japan,active,2,JULIAN.VEST@sakilacustomer.org,580
575,ISAAC OGLESBY,186 Skikda Lane,89422,14465669789,Cuernavaca,Mexico,active,2,ISAAC.OGLESBY@sakilacustomer.org,581
576,MORRIS MCCARTER,1568 Celaya Parkway,34750,2.7867E+11,Fengshan,Taiwan,active,2,MORRIS.MCCARTER@sakilacustomer.org,582
577,CLIFTON MALCOLM,1489 Kakamigahara Lane,98883,29341849811,Tanshui,Taiwan,active,2,CLIFTON.MALCOLM@sakilacustomer.org,583
578,WILLARD LUMPKIN,1819 Alessandria Loop,53829,3.77634E+11,Carmen,Mexico,active,2,WILLARD.LUMPKIN@sakilacustomer.org,584
579,DARYL LARUE,1208 Tama Loop,73605,9.54786E+11,Mosul,Iraq,active,2,DARYL.LARUE@sakilacustomer.org,585
580,ROSS GREY,951 Springs Lane,96115,1.65165E+11,Iligan,Philippines,active,1,ROSS.GREY@sakilacustomer.org,586
581,VIRGIL WOFFORD,760 Miyakonojo Drive,64682,2.94449E+11,José Azueta,Mexico,active,1,VIRGIL.WOFFORD@sakilacustomer.org,587
582,ANDY VANHORN,966 Asuncin Way,62703,9.95527E+11,Huejutla de Reyes,Mexico,active,2,ANDY.VANHORN@sakilacustomer.org,588
583,MARSHALL THORN,1584 Ljubertsy Lane,22954,2.8571E+11,Southampton,United Kingdom,active,1,MARSHALL.THORN@sakilacustomer.org,589
584,SALVADOR TEEL,247 Jining Parkway,53446,1.70115E+11,Banjul,Gambia,active,2,SALVADOR.TEEL@sakilacustomer.org,590
585,PERRY SWAFFORD,773 Dallas Manor,12664,9.14466E+11,Quilmes,Argentina,active,1,PERRY.SWAFFORD@sakilacustomer.org,591
586,KIRK STCLAIR,1923 Stara Zagora Lane,95179,1.82179E+11,Tsaotun,Taiwan,active,1,KIRK.STCLAIR@sakilacustomer.org,592
587,SERGIO STANFIELD,1402 Zanzibar Boulevard,71102,3.87448E+11,Celaya,Mexico,active,1,SERGIO.STANFIELD@sakilacustomer.org,593
588,MARION OCAMPO,1464 Kursk Parkway,17381,3.38758E+11,Weifang,China,active,1,MARION.OCAMPO@sakilacustomer.org,594
589,TRACY HERRMANN,1074 Sanaa Parkway,22474,1.54124E+11,Loja,Ecuador,active,1,TRACY.HERRMANN@sakilacustomer.org,595
590,SETH HANNON,1759 Niznekamsk Avenue,39414,8.64393E+11,al-Manama,Bahrain,active,2,SETH.HANNON@sakilacustomer.org,596
591,KENT ARSENAULT,32 Liaocheng Way,1944,4.10877E+11,Juiz de Fora,Brazil,active,1,KENT.ARSENAULT@sakilacustomer.org,597
592,TERRANCE ROUSH,42 Fontana Avenue,14684,4.3783E+11,Székesfehérvár,Hungary,Not Active,1,TERRANCE.ROUSH@sakilacustomer.org,598
593,RENE MCALISTER,1895 Zhezqazghan Drive,36693,1.3781E+11,Garden Grove,United States,active,2,RENE.MCALISTER@sakilacustomer.org,599
594,EDUARDO HIATT,1837 Kaduna Parkway,82580,6.40844E+11,Jining,China,active,1,EDUARDO.HIATT@sakilacustomer.org,600
595,TERRENCE GUNDERSON,844 Bucuresti Place,36603,9.35952E+11,Jinzhou,China,active,1,TERRENCE.GUNDERSON@sakilacustomer.org,601
596,ENRIQUE FORSYTHE,1101 Bucuresti Boulevard,97661,1.99515E+11,Patras,Greece,active,1,ENRIQUE.FORSYTHE@sakilacustomer.org,602
597,FREDDIE DUGGAN,1103 Quilmes Boulevard,52137,6.44021E+11,Sullana,Peru,active,1,FREDDIE.DUGGAN@sakilacustomer.org,603
598,WADE DELVALLE,1331 Usak Boulevard,61960,1.45309E+11,Lausanne,Switzerland,active,1,WADE.DELVALLE@sakilacustomer.org,604
599,AUSTIN CINTRON,1325 Fukuyama Street,27107,2.88241E+11,Tieli,China,active,2,AUSTIN.CINTRON@sakilacustomer.org,605
